Index,USD,USD,USD,USD,USD,USD,USD,USD,USD,USD,USD,USD,USD,USD,USD,USD,USD,USD,USD,USD,USD,USD,USD,USD,USD
PBEVE,PCOCO,PCOFFOTM,PROIL,PCOPP,PCOTTIND,PFISH,PHIDE,PIORECR,PLAMB,PLEAD,PNICK,POILAPSP,POILDUB,POLVOIL,PORANG,PPORK,PPOULT,PSALM,PSAWMAL,PSAWORE,PSHRI,PSMEA,PURAN,PWHEAMT,PZINC
"Beverage Price Index, 2005 = 100, includes Coffee, Tea, and Cocoa","Cocoa beans, International Cocoa Organization cash price, CIF US and European ports, US$ per metric ton","Coffee, Other Mild Arabicas, International Coffee Organization New York cash price, ex-dock New York, US cents per pound","Rapeseed oil, crude, fob Rotterdam, US$ per metric ton","Copper, grade A cathode, LME spot price, CIF European ports, US$ per metric ton","Cotton, Cotton Outlook 'A Index', Middling 1-3/32 inch staple, CIF Liverpool, US cents per pound","Fishmeal, Peru Fish meal/pellets 65% protein, CIF, US$ per metric ton","Hides, Heavy native steers, over 53 pounds, wholesale dealer's price, US, Chicago, fob Shipping Point, US cents per pound","China import Iron Ore Fines 62% FE spot (CFR Tianjin port), US dollars per metric ton","Lamb, frozen carcass Smithfield London, US cents per pound","Lead, 99.97% pure, LME spot price, CIF European Ports, US$ per metric ton","Nickel, melting grade, LME spot price, CIF European ports, US$ per metric ton","Crude Oil (petroleum), Price index, 2005 = 100, simple average of three spot prices; Dated Brent, West Texas Intermediate, and the Dubai Fateh","Oil; Dubai, medium, Fateh 32 API, fob Dubai Crude Oil (petroleum), Dubai Fateh Fateh 32 API, US$ per barrel","Olive Oil, extra virgin less than 1% free fatty acid, ex-tanker price U.K., US$ per metric ton","Oranges, miscellaneous oranges CIF French import price, US$ per metric ton","Swine (pork), 51-52% lean Hogs, U.S. price, US cents per pound.","Poultry (chicken), Whole bird spot price, Ready-to-cook, whole, iced, Georgia docks, US cents per pound","Fish (salmon), Farm Bred Norwegian Salmon, export price, US$ per kilogram","Hard Sawnwood, Dark Red Meranti, select and better quality, C&F U.K port, US$ per cubic meter","Soft Sawnwood, average export price of Douglas Fir, U.S. Price, US$ per cubic meter","Shrimp, No.1 shell-on headless, 26-30 count per pound, Mexican origin, New York port, US cents per pound","Soybean Meal, Chicago Soybean Meal Futures (first contract forward) Minimum 48 percent protein, US$ per metric ton","Uranium, NUEXCO, Restricted Price, Nuexco exchange spot, US$ per pound","Wheat, No.1 Hard Red Winter, ordinary protein, FOB Gulf of Mexico, US$ per metric ton","Zinc, high grade 98% pure, US$ per metric ton"
,,,,,,,,,,,,,,,,,,,,,,,,,
Index Number,US Dollars per Metric Ton,US cents per Pound,US Dollars per Metric Ton,US Dollars per Metric Ton,Index Number,US Dollars per Metric Ton,US cents per Pound,US Dollars per Metric Ton,US cents per Pound,US Dollars per Metric Ton,US Dollars per Metric Ton,US Dollars per Barrel,US Dollars per Barrel,US Dollars per Metric Ton,US Dollars per Metric Ton,US cents per Pound,US cents per Pound,US Dollars per Kilogram,US Dollars per Metric Ton,US Dollars per Metric Ton,US Dollars per Pound,US Dollars per Metric Ton,US Dollars per Pound,US Dollars per Metric Ton,US Dollars per Metric Ton
None,None,None,None,None,None,None,None,None,None,None,None,None,None,None,None,None,None,None,None,None,None,None,None,None,None
PBEVE_Index,PCOCO_USD,PCOFFOTM_USD,PROIL_USD,PCOPP_USD,PCOTTIND_USD,PFISH_USD,PHIDE_USD,PIORECR_USD,PLAMB_USD,PLEAD_USD,PNICK_USD,POILAPSP_USD,POILDUB_USD,POLVOIL_USD,PORANG_USD,PPORK_USD,PPOULT_USD,PSALM_USD,PSAWMAL_USD,PSAWORE_USD,PSHRI_USD,PSMEA_USD,PURAN_USD,PWHEAMT_USD,PZINC_USD
"Beverage Price Index, 2005 = 100, includes Coffee, Tea, and Cocoa","Cocoa beans, International Cocoa Organization cash price, CIF US and European ports, US$ per metric ton","Coffee, Other Mild Arabicas, International Coffee Organization New York cash price, ex-dock New York, US cents per pound","Rapeseed oil, crude, fob Rotterdam, US$ per metric ton","Copper, grade A cathode, LME spot price, CIF European ports, US$ per metric ton","Cotton, Cotton Outlook 'A Index', Middling 1-3/32 inch staple, CIF Liverpool, US cents per pound","Fishmeal, Peru Fish meal/pellets 65% protein, CIF, US$ per metric ton","Hides, Heavy native steers, over 53 pounds, wholesale dealer's price, US, Chicago, fob Shipping Point, US cents per pound","China import Iron Ore Fines 62% FE spot (CFR Tianjin port), US dollars per metric ton","Lamb, frozen carcass Smithfield London, US cents per pound","Lead, 99.97% pure, LME spot price, CIF European Ports, US$ per metric ton","Nickel, melting grade, LME spot price, CIF European ports, US$ per metric ton","Crude Oil (petroleum), Price index, 2005 = 100, simple average of three spot prices; Dated Brent, West Texas Intermediate, and the Dubai Fateh","Oil; Dubai, medium, Fateh 32 API, fob Dubai Crude Oil (petroleum), Dubai Fateh Fateh 32 API, US$ per barrel","Olive Oil, extra virgin less than 1% free fatty acid, ex-tanker price U.K., US$ per metric ton","Oranges, miscellaneous oranges CIF French import price, US$ per metric ton","Swine (pork), 51-52% lean Hogs, U.S. price, US cents per pound.","Poultry (chicken), Whole bird spot price, Ready-to-cook, whole, iced, Georgia docks, US cents per pound","Fish (salmon), Farm Bred Norwegian Salmon, export price, US$ per kilogram","Hard Sawnwood, Dark Red Meranti, select and better quality, C&F U.K port, US$ per cubic meter","Soft Sawnwood, average export price of Douglas Fir, U.S. Price, US$ per cubic meter","Shrimp, No.1 shell-on headless, 26-30 count per pound, Mexican origin, New York port, US cents per pound","Soybean Meal, Chicago Soybean Meal Futures (first contract forward) Minimum 48 percent protein, US$ per metric ton","Uranium, NUEXCO, Restricted Price, Nuexco exchange spot, US$ per pound","Wheat, No.1 Hard Red Winter, ordinary protein, FOB Gulf of Mexico, US$ per metric ton","Zinc, high grade 98% pure, US$ per metric ton"
189.31,3167.16,168.67,591.59,2592.63,88.72,986.56,59.1,12.15,117.23,1111.13,6584.8,35.64,38,2271.72,347,72.42,33.9,7.45,297.61,138,12.11,201.76,40,175.63,773.82
190.39,3236.82,164.83,596.6,2916.71,97.21,1040.81,48.7,12.15,122.01,1166.24,6978.93,35.09,36,2256.48,350,65.53,32.55,7.6,308.29,131.23,11.89,198.26,38,172.7,868.62
194.06,3091.1,184.38,561.51,2303.83,93.53,960.43,39.4,12.15,119.32,1117.74,6733.79,36.01,35.75,2188.11,338,65,31.83,7.4,304.92,131.23,11.02,186.1,35,163.51,740.75
186.14,2910.1,180.81,541.45,2074.55,90.56,944.36,38.1,12.15,132.72,970.03,6233.37,35.09,35,2081.17,377,51.86,30.99,7.43,302.95,143.08,9.94,181.2,32,156.53,707.68
185.07,2585.8,190.54,536.44,2076.75,88.4,1014.68,33.8,12.15,142.07,793.66,6000.77,35.72,35.6,2044.54,442.2,54.9,30.66,7.69,310.72,143.08,9.43,187.39,32,161.3,701.07
179.38,2498.05,181.41,546.46,2006.2,84.14,972.49,38.2,12.15,141.63,736.34,6294.83,35.54,36,2053.29,480,62.47,31.28,8.02,312.03,143.08,9.6,190.06,31.5,157.63,676.82
164.08,2464.77,155.67,594.59,2175.96,88.87,962.44,43.9,12.15,146.38,809.1,6622.17,34.33,33.35,2073.16,415,84.68,34.34,8.32,293.6,153.24,10.11,222.68,31.5,168.65,712.09
150.41,2312.21,135.99,590.58,2081.16,96.37,984.55,53.3,12.15,140.96,850.98,6584.51,31.88,32.3,2063.71,404.3,102.72,36.41,8.47,288.17,135.46,10.2,234.48,30,171.23,767.21
146.06,2386.06,125.88,591.59,2059.11,101.12,1006.65,43,12.15,132.49,881.85,6655.36,31.91,32.25,2092.63,505.5,101.18,37.97,8.57,307.91,119.38,9.85,263.76,28.5,179.68,795.87
143.91,2305.37,126.09,545.46,2045.89,98.69,1028.75,49.1,12.15,134.36,870.82,6691.95,37.25,36.8,2131.47,505,108.96,38.45,8.51,262.91,110.91,9.45,282.83,28,188.13,804.69
136.32,2173.76,114.86,595.6,2010.61,98.03,1141.27,54.3,12.15,124.2,813.5,6452.67,40.97,39.75,2267.24,316.5,112.69,37.03,8.35,265.5,117.68,9.38,302.67,28,195.11,800.28
136.6,2109.82,121.21,576.55,1878.34,99.16,1119.17,50.1,12.15,120.62,742.96,6390.91,39.05,39.35,2210.02,321.6,102.33,36.7,7.98,266.79,119.38,9.4,256.99,27,182.62,782.64
139.2,2093.07,127.98,519.39,1876.13,99.51,1087.02,44.8,12.15,133.28,703.27,6403.77,38.69,39.25,2218.43,348.8,92.77,35.9,7.75,269.35,115.14,9.76,247.5,25,189.6,776.03
135.44,2040.82,125.11,492.32,1803.38,95.85,1040.81,40.7,12.15,134.12,690.05,6370.75,36.75,37.1,2058.95,325.2,93.33,36.7,7.37,266.51,110.91,10.31,237.85,25,181.51,731.93
136.86,2115.77,125.93,504.35,1816.61,91.72,1018.7,42.4,12.15,124.75,727.52,6292.43,36.44,36.85,2033.04,386.5,76.68,36.01,7.39,264.44,113.45,10.54,231.44,25,175.27,756.18
136.57,2109.6,128.2,516.38,1823.22,88.65,1006.65,45.9,12.15,136.17,758.39,6307.06,35.7,35.55,1991.44,403,92.34,35.14,7.27,260.42,109.22,10.6,247.47,25,180.41,824.53
129.67,1933.01,125.93,488.31,1746.06,87.51,1012.68,44.1,12.15,146.3,694.46,6352.16,33.32,33.38,1908.1,373,85.2,33.75,7.02,262.46,111.76,10.87,242.25,25,171.59,850.98
111.3,1660.3,111.94,482.29,1699.76,86.36,974.5,42,12.15,135.45,712.09,6169.46,31.6,32.17,1847.88,378.8,105.26,34.37,6.9,260.55,126.15,10.62,227.14,24.25,168.65,839.96
122.76,2048.31,120.01,476.28,1682.12,85.27,944.36,40.2,12.15,113.13,782.64,6150.34,31.63,31.96,1810.64,381.78,102.37,36.7,6.85,250.67,119.38,9.34,227.5,23.5,167.92,864.21
128.47,2246.95,124.09,467.25,1787.95,80.72,882.07,42.6,12.15,101.22,822.32,5999.12,31.99,32.17,1793.33,444.25,110.38,35.72,6.92,248.07,114.3,7.87,217.47,23.5,170.12,954.6
130.98,2337.12,126.02,471.26,1706.38,77.24,872.03,39.3,12.15,112.4,760.59,5579.06,31.77,32.06,1908.12,521.27,113.59,34.99,7.21,247.47,113.45,8.52,207.34,23.5,171.23,936.96
133.78,2172.65,136.41,478.28,1664.49,75,813.76,39.7,12.15,120.59,716.5,5216.71,32.61,32.68,1961.42,505.63,105.3,34.41,7.33,251.25,117.68,8.98,204.81,23.5,168.65,890.67
136.07,2056.47,143.79,471.26,1651.26,72.01,817.78,39.7,12.15,122.25,665.8,5100.25,34.05,34.24,1981.61,458.9,105.35,33.86,7.5,260.55,132.08,9.96,206.33,23.5,178.57,875.23
136.14,2104.53,141.67,449.2,1655.67,67.75,801.7,39.2,12.15,120.07,676.82,5496.03,33.91,34.12,1967.39,341.6,95.83,33.72,7.48,263.75,143.08,9.87,205.81,23.5,176,848.78
139.28,2188.09,143.9,436.17,1613.78,69.97,783.62,40.4,14.05,135.3,648.16,5628.9,33.81,34,1943.31,315.2,117.35,34.26,7.33,266.65,158.32,10.6,210.05,23,173.06,820.12
143.2,2087.11,155,442.19,1596.14,69.98,741.42,39.5,14.05,124.7,615.09,5716.76,29.96,30.4,1876.79,302,126.94,34.81,7.15,243.41,156.08,12,206.98,23,170.86,824.53
135.4,1947.78,144.83,436.17,1512.37,70.44,717.31,37.2,14.05,121.3,610.68,5653.36,28.25,28.6,1872.15,324.4,124.9,34.59,7.06,239.32,157.17,13.09,201.39,22.5,168.65,791.46
127.01,1745.4,141.4,452.21,1521.19,71.15,717.31,38.15,14.05,116.65,575.41,5394.05,30.44,30.88,1855.74,346.5,139.41,34.45,6.97,233.46,159.22,13.57,209.28,20.75,169.76,740.75
123.97,1714.97,137,478.28,1530.01,76.69,727.36,39.52,14.05,116.39,575.41,5211.84,33.22,33.35,1926.29,372.5,151.54,34.92,7.09,238.65,153.88,14.04,209.44,20.5,167.55,749.57
121.28,1571.67,141.02,433.16,1309.54,75.64,699.23,38.4,14.05,110.6,522.49,5186.7,32.66,32.65,1835.88,409,143.5,35.32,6.81,213.88,152.67,13.73,201.23,19.25,155.79,692.25
117.23,1578.29,131.11,408.09,1439.62,78.47,673.11,39,14.05,108.83,553.36,5068.58,31.49,31.7,1815.52,432.2,158.28,35.68,6.61,213.35,150.61,13.49,197.39,18.25,151.75,723.12
118.78,1559.55,132.83,388.04,1450.64,76.4,642.97,39.9,14.05,104.03,522.49,4953.03,31.05,31.2,1833.8,526.9,178.24,34.37,6.27,211.28,148.79,16.17,183.99,17,152.49,714.3
126.47,1686.09,136.73,391.05,1424.18,72.82,640.96,39.4,14.05,100.73,515.88,4310.3,32.88,33.05,1818.29,472.8,172.53,34.56,6.15,212.3,147.84,14.53,172.74,17,152.85,749.57
129.26,1638.03,141.18,391.05,1463.87,70.21,655.02,38.4,14.05,95.88,498.24,3916.51,33.23,33.4,1841.25,430.4,141.55,34.15,5.99,203.98,146.6,14.31,170.91,17.5,146.61,751.78
127.39,1541.25,137.86,382.02,1444.03,69.04,729.37,37.1,14.05,85.84,462.97,3433.66,31.48,31.75,1855.08,391.6,135.52,33.57,6,211.3,144.16,14.75,190.02,19.75,155.06,709.89
131.63,1643.54,133.79,384.03,1474.89,69.26,801.7,35.8,14.05,83.54,449.74,3576.27,30.06,30.1,1995.19,291.3,138.57,32.88,6.2,228.15,144.16,14.88,191.79,20.25,159.83,670.2
132.72,1784.2,128.53,387.04,1574.1,71.88,882.07,35.9,12.54,81.3,476.2,3796.96,30.44,30.05,1800.11,289.45,151.54,33.14,6.21,222.56,141.72,14.71,197.52,21.5,164.98,698.86
134.15,1942.27,125.87,391.05,1649.06,74.32,849.92,36,12.54,77.5,456.36,4228.2,28.91,29,1851.85,288.9,137.57,33.79,6.17,177.62,137.97,14.46,195.09,21.75,164.24,681.23
130.49,1859.38,124.27,397.06,1598.35,79.11,807.73,37.7,12.54,84.73,445.33,4831.77,28.13,28.1,1924.12,327.9,122.98,33.83,6.11,171.78,137.05,13.86,195.72,22.25,166.08,679.02
131.41,1877.23,123.96,403.08,1675.51,80.22,884.08,37.7,12.54,96.64,456.36,4817.79,29.49,28.7,1912.01,405.7,122.63,32.74,6.14,178.49,138.71,13.75,208,23.25,167.18,696.66
137.51,2065.07,128.15,428.15,1765.9,81.96,878.05,43.3,12.54,95.87,432.11,5031.53,29.16,28.5,1918.76,450.6,113.63,33.28,6.17,189.08,147.48,13.53,200.04,23.5,160.2,736.34
141,2297.66,126.4,405.09,1701.97,86.01,863.99,44.1,12.54,89.55,407.85,4883.16,29.79,28.16,1918.09,387.7,114.36,34.08,5.89,182.64,145.48,13.84,192.57,23.5,151.75,718.71
142.12,2302.73,127.86,426.14,1704.17,88.44,870.02,49.5,12.54,87.61,403.45,4804.04,30.35,28.62,1911.52,337.5,111.75,35.25,5.7,181.4,142.68,13.2,208.92,24,147.34,740.75
142.95,2302.95,129.31,581.56,1640.24,90.8,908.19,49.5,12.54,88.08,396.83,4852.76,30.55,28.61,1849.76,349.85,124.82,35.86,5.46,197.29,139.45,12.82,261.29,24,152.49,809.1
141.25,2138.04,132.56,678.42,1560.87,89.85,1010.67,49.5,12.54,88.86,403.45,4910.52,29.99,28.39,1809.15,437,105.41,37.17,5.48,205.18,141.41,12.73,260.96,24,156.53,837.76
148.5,2094.39,141.28,657.76,1435.21,88.11,1024.73,49.5,12.54,89.69,418.88,4674.15,29.39,28.13,1857.73,458.7,92.75,35.32,5.56,236.26,143.36,12.42,254.88,23.5,152.85,857.6
159.05,2219.61,145.55,635.7,1388.91,89.12,962.44,53,12.54,88.72,405.65,4585.17,28.92,27.81,1855.4,406,96.85,36.81,5.45,240.01,141.79,12.31,255.7,22.5,151.75,859.8
169.24,2540.82,146.54,627.68,1415.37,89.36,968.47,55.9,12.54,86.06,401.24,4657,28.51,27.54,1861.21,339.1,101.56,38.92,5.3,248.36,140.23,12.11,241.31,22,153.59,857.6
175.37,2621.95,143.14,670.8,1375.68,87.8,964.45,54.7,11.31,84.5,396.83,4670.48,28.98,27.75,2086.83,267.95,120.33,40.56,5.24,248.36,140.81,12,222.17,20.5,152.85,956.81
169.76,2497.39,145.72,657.76,1428.59,87.44,936.32,53.6,11.31,85.28,403.45,4639.91,29.17,27.63,1852.2,245.63,103,41.83,5.39,248.36,141.26,12.5,210,17.5,150.65,998.69
171.53,2536.19,148.21,706.89,1501.35,88.43,859.97,55.5,11.31,88.78,458.56,4780.83,29.55,27.83,1847.49,257.84,104.38,41.25,5.64,280.82,138.19,12.7,222.01,17,153.96,1040.58
170.69,2536.42,150.4,756.03,1532.21,88.99,807.73,53.7,11.31,94.57,480.61,4911.41,29.53,27.98,1883.23,241.79,112.11,40.99,5.67,305.61,141.22,13.45,215.33,17.75,157.26,1003.1
176.93,2677.51,149.94,871.34,1419.78,88.88,767.54,60.6,11.31,94.99,451.95,4811.42,29.42,28.01,1842.19,240.58,107.49,39.57,5.61,311.85,140.76,12.7,213.44,17.75,153.96,1000.9
167.84,2485.05,146.66,833.23,1364.66,83.73,747.45,63.8,11.31,94.08,482.81,4773.23,28.99,28,1861.14,317.7,127.21,39.68,5.54,292.05,140.3,11.25,202.81,17.5,149.91,941.37
156.58,2216.52,143.37,661.77,1331.59,78.99,685.16,63.8,11.31,89.33,493.83,4640.18,27.9,27.26,1830.83,408.8,120.13,40.45,5.22,244.58,138.5,10.65,181.09,17.5,146.97,853.19
158,2213.66,145.29,640.72,1338.2,75.52,669.09,63,11.31,88.82,467.38,4736.07,28.19,27.14,1837.12,507.9,116.49,38.77,5.09,236.19,136.81,12.1,171.21,17.5,152.49,833.35
163.22,2311.1,140.24,652.75,1294.11,73.16,638.95,63,11.31,84.89,401.24,4705.64,28.35,27.43,1785.74,561.5,112.6,39.07,4.95,225.31,136.63,11.6,162.89,17.5,155.06,873.03
160.05,2257.31,136.12,619.66,1272.07,73.62,640.96,65,11.31,82.33,412.26,4750.29,28,27.26,1736.47,499.92,99.53,37.94,4.83,216.05,136.01,11,165.43,16,152.85,844.37
159.84,2255.11,140.25,632.7,1344.82,72.67,649,65,11.31,84.37,440.04,4748.4,27.59,27.1,1804.73,361.81,112.51,38.19,4.95,211.75,121.17,11.8,167.97,15.5,152.49,857.6
153.84,2140.47,140.64,556.49,1320.57,71.99,630.91,44.7,11.31,80.49,414.47,4858.98,26.88,26.72,1901.11,317.3,121.72,37.32,4.93,198.63,133.55,12.4,160.01,15.25,149.55,859.8
155.86,2219.61,145.58,593.59,1358.05,71.4,616.85,44.7,11.49,79.49,418.88,4947.17,26.63,27.3,1993.15,237.16,126.53,38.01,4.95,176.96,135.02,10.8,155.56,15,149.18,866.42
153.01,2273.4,143.73,632.7,1388.91,68.67,586.71,44.7,11.49,76.97,368.17,5050.79,27.56,27.2,1911.46,280.1,121.76,38.41,4.93,170.12,135.02,10.55,145.89,15,147.34,886.26
148.49,2232.4,141.27,651.75,1389.35,67.21,562.6,42.3,11.49,78.27,351.64,5211.72,27.91,27.13,1819.32,364.4,120.84,38.27,5,171.23,135.02,10.18,145.84,15,145.14,921.53
146.53,2240.78,140.66,678.82,1501.35,66.26,544.51,45.6,11.49,84.48,390.22,5489.5,27.84,26.71,1958.12,433.7,110.55,38.12,5.42,179.31,136.49,12.25,141.53,14.25,143.67,930.35
139.65,2129,141.94,635.7,1530.01,65.07,554.56,45.6,11.49,84.05,374.79,5604.14,26.66,25.68,1922.8,435.4,108.58,37.1,5.47,179.31,136.48,11.75,133.49,15,136.32,879.64
138.16,2091.74,141.16,612.64,1433,63,514.37,56,11.49,85.39,388.01,5553.44,26.35,25.43,1964.67,436.3,131.84,37.9,5.53,173.32,137.34,10.9,134.22,15,134.11,809.1
134.35,2209.91,134.31,538.44,1474.89,61.1,510.36,56,11.49,90.83,403.45,5090.47,26.63,25.73,2041.84,449.2,119.75,37.57,5.73,181.8,135.94,13,137.34,11.85,128.6,767.21
135.58,2275.39,132.93,419.75,1419.78,57,520.4,48.9,11.49,89.62,412.26,4907.48,27.13,26.29,2032.16,508.7,105.88,37.76,5.85,176.38,136.59,14.65,135.87,15.75,123.09,734.14
136.9,2342.19,133.07,413.35,1366.86,54.2,513.42,48.9,11.49,83.62,401.24,4570.18,27.52,26.58,1963.39,508.64,97.73,38.01,5.75,169.63,135.01,14.3,142.61,11.7,125.3,690.05
142.57,2363.13,140.48,431.17,1384.5,48.84,539.12,57,11.49,82.53,392.42,4239.48,28.29,26.74,1920.11,451.6,98.48,37.32,6.03,188.12,136.03,14.15,154.5,16,127.5,632.73
150.08,2297.66,154.85,433.48,1369.07,48.12,558.36,63.3,11.49,83.53,394.63,4034.45,29.18,26.92,1834.31,357.7,97.67,38.41,6.08,208.66,138.79,15.65,158.31,16,132.64,597.45
170.29,2379.45,196.77,450.01,1391.12,48.19,558.79,61.1,11.49,83.92,392.42,4089.57,26.75,26.39,1895.09,318,109.35,39.25,6.25,216.16,135.14,15.65,159.79,11.7,137.05,685.64
186.14,2323.67,235.3,443.13,1417.57,51.82,551.79,57.7,11.36,82.64,368.17,4034.45,22.33,21.93,1992.73,318.75,115.06,38.19,6.38,221.2,134.22,13,168.55,17,132.28,643.75
179.07,2218.51,226.52,444.68,1404.34,54.51,553.06,58.6,11.36,82.93,365.97,3988.16,16.38,16.43,2063.94,322.22,96.81,38.41,6.67,233.77,143.86,13.25,168.87,17.08,129.71,608.48
182.31,2107.18,237.62,302.09,1444.03,52.24,568.49,57.8,11.36,89.45,365.97,4135.87,12.77,11.97,2064.27,338.09,95.17,38.56,6.67,207.73,138.99,14.9,175.93,17.17,134.48,626.11
171.95,1989.67,224.07,537.34,1433,48.5,591.92,63.1,11.36,91.3,368.17,4085.16,11.89,10.33,2035.26,364.29,91.34,37.79,6.5,213.32,145.78,14.25,169.15,17.25,132.64,659.18
160.18,1905.67,208.74,341.05,1417.57,45.42,600.36,68.81,11.36,97.44,376.99,4043.27,13.49,11.02,2087.5,373.55,116.24,38.59,6.11,231.28,155.46,14.45,165.23,17.17,119.42,707.68
144.88,1905.67,174.54,358.62,1413.16,41.03,595.86,68.7,11.36,108.49,418.88,4087.37,11.95,10.38,2081.23,399.37,136.71,39.94,6.09,210.19,159.42,12.2,164.13,17.08,105.82,804.69
146.93,2022.3,170.63,341.11,1344.82,37.44,595.95,68.3,11.36,105.65,379.19,3911,9.88,8.5,2110.17,426.08,170.24,44.34,6.33,211.3,141.81,11,167.45,17,101.78,806.89
152.35,2068,172.23,312.14,1302.93,37.03,587.02,66.7,11.36,90.67,392.42,3807.38,13.42,11.71,2158.13,497.19,168.01,48.12,6.55,206.49,149.88,10.6,167.67,17,102.15,815.71
172.65,2206,198.36,253.31,1309.54,43.5,580.9,64.5,11.36,94.26,407.85,3723.6,14.03,12.92,2166.07,497.19,139.07,45.65,6.61,189.61,150.69,13.25,168.41,17,103.62,870.82
159.02,2073,175.91,292.7,1316.16,51.23,563.56,66,11.36,89.24,434.31,3644.24,14.01,13.28,2177.59,443.05,114.08,45.43,6.63,187.17,150.64,13.95,163.29,17,104.72,886.26
152.28,2024,154.63,347.4,1302.93,52.81,562.78,65.3,11.36,88.27,473.99,3642.03,14.47,13.7,2141.54,380.93,118.48,44.74,6.5,216.16,157.42,12.35,165.29,16.75,105.09,820.12
137.64,1976,134.31,339.07,1331.59,59.71,568.84,62,11.36,90.51,515.88,3562.67,15.44,14.5,2169.95,364.06,121.37,44.01,6.66,263.59,163.82,11.75,158.84,16.65,107.29,798.07
130.63,1976,121.75,367.54,1344.82,65.68,594.42,61.8,10.94,94.9,462.97,3525.19,18.1,17.12,2253.02,365.01,124.39,43.47,7.16,282.98,151.75,11.5,159.03,16.65,109.13,758.39
127.7,1965,119.6,341.93,1380.09,65.85,603.4,64.1,10.94,96,460.77,3716.99,17.28,16.74,2283.06,361.34,108.71,43.18,7.5,275.2,163.89,13.2,159,16.83,112.07,740.75
120.23,2011,102.04,323.23,1463.87,63.09,628.99,69.72,10.94,99.4,487.22,3772.1,17.74,16.93,2282.37,349.65,113.44,41.9,7.7,269.73,173.32,13.2,155.27,17,115.38,731.93
121.28,2072,106.3,332.61,1483.71,65.85,644.36,82.6,10.94,99.6,555.56,3897.77,18.05,17.04,2302.59,397.68,123.24,41.14,7.99,293.07,166.14,12.6,166.05,17,113.17,760.59
124.87,2068,116.38,333.49,1518.98,76.9,658.44,83.82,10.94,101.05,692.25,4435.7,18.41,17.04,2304.42,500.46,125.18,41.07,8.26,280.36,165.97,12.13,184.11,17,119.05,837.76
116.71,1997,103.72,347.25,1571.89,79.3,643.39,82,10.94,98.63,628.32,4435.7,18.71,17.2,2270.51,570.93,146.25,40.59,8.24,286.01,149.82,13.15,194.45,16.9,108.76,877.44
118.04,2127.1,98.56,349.36,1693.15,83.24,635.54,82.48,10.94,95.99,663.59,4753.16,19.62,17.67,2226.43,514.81,156.72,39.97,8.25,297.09,160.1,14.8,186.47,16.75,104.72,828.94
117.25,2022,100.9,293.53,1754.88,86.6,631.84,83.9,10.94,93,659.18,5306.52,18.88,17.3,2200.45,520.98,149.76,41.43,8.26,358.65,162.36,14.53,177.45,17,106.92,802.48
120.45,1988,110,320.67,1809.99,83.61,649.78,89.02,10.94,97.02,645.95,5332.98,18.32,17.01,2237.08,509.93,111.19,41.68,8.32,507.79,160.85,13,189.72,16.65,112.07,756.18
124.01,1913,118.26,325.56,1966.52,76.19,656.27,89.9,10.94,95.11,599.66,5692.33,18.63,17.17,2230.38,472.94,94.22,41.1,8.23,519.34,157.22,13.25,196.54,16.65,113.91,769.41
127.48,1938,124.77,330.19,2519.88,75.83,701.81,85.38,10.94,101,641.54,5937.04,17.87,16.74,2349.7,464.51,87.04,39.72,8.37,558.52,158.64,15.25,218.22,16.75,115.01,846.57
127.1,1896,125.22,502.63,2866.01,75.08,722.42,83.38,10.94,109.67,659.18,7661.05,16.77,15.61,2407.49,443.57,79.8,39.17,8.43,532.84,153.56,16.75,227.64,16.65,124.56,866.42
129.36,1973,126.38,544.56,2660.98,72.19,712.49,82.93,10.51,112.7,665.8,8073.32,16.5,15.44,2354.44,392.7,96.25,39.25,8.47,453.46,158.93,13.5,206.32,16.45,128.6,877.44
126.89,1799,137.14,530.43,2328.08,67.49,694.14,86.55,10.51,109.93,654.77,8666.36,15.9,15.2,2284.66,385.27,91.25,39.83,7.53,345.92,158.83,13.9,201.56,16.3,131.54,875.23
121.99,1685,134.74,552.82,2358.94,66.34,724.08,97.38,10.51,115.1,648.16,15496.27,14.86,13.59,2349.83,414.03,85.71,40.12,7.63,351.03,162.66,13.5,208.33,15.9,124.93,981.06
119.42,1649,134.3,566.5,2283.99,65.75,741.9,100,10.51,117.2,648.16,18011.75,16.42,14.73,2381.62,468.26,81.88,40.59,7.79,383.17,165.13,14.38,218.75,15.9,126.77,1069.24
119.6,1698,136.39,565.01,2442.72,65.58,738.19,99.2,10.51,115.62,668,17024.08,16.36,15.26,2354.63,448.9,87.78,42.7,7.62,383.68,169.04,16.75,245.04,15.4,128.97,1175.06
118.65,1624,141.83,538.13,2539.72,68.78,701.83,87.5,10.51,110.12,676.82,15588.87,15.49,14.41,2285.43,439.55,84.53,45.79,7.73,363.97,166.42,13.85,320.55,15.1,149.91,1364.66
113.31,1610,139.24,515,2213.44,63.43,673.44,84.2,10.51,104.9,619.5,14592.38,14.47,12.98,2172.18,395.63,75.57,49.98,7.59,347.76,161.49,13.35,292.11,15.1,149.55,1236.79
105.64,1448,128.89,512.69,2200.21,58.41,670.13,93.3,10.51,103,601.86,14186.73,14.57,13.19,2119.9,403.34,70.94,50.96,6.87,334.35,165.91,13.5,294.76,14.75,149.91,1307.34
106.1,1239,134.83,508.41,2433.9,56.74,665.15,86.68,10.51,102.2,608.48,11878.49,13.22,11.77,2162.39,532.97,62.81,51.65,6.64,338.28,163.25,17.6,295.28,14.15,159.47,1329.39
109.46,1304,130.43,524.16,2936.55,57.64,686.04,80.38,10.51,104.66,654.77,11556.62,12.23,10.63,2207.66,585.45,65.06,49.47,6.96,374.14,160.08,16.25,281.67,13.2,162.04,1518.98
114.42,1473,132.09,545.99,3302.52,58.61,714.64,76.9,10.51,108.3,690.05,13342.36,12.53,10.55,2393.68,533.47,62.86,47.9,6.57,391.83,153.5,13.75,277.51,12.3,163.88,1556.46
121.32,1503,144.95,551.94,3496.53,61.26,720.81,76.8,10.51,109.74,729.73,16920.46,14.68,12.57,2525.53,441.31,65.87,47.65,6.24,387.21,166.57,12.25,276.26,12,166.82,1591.74
120.88,1435,149.5,536.36,3392.91,63.13,701.81,83.67,12.03,105.5,674.61,17725.14,16.45,14.37,2462.14,423.39,68.12,48.63,6.2,376.25,144.56,12.5,280.23,11.6,173.8,1732.83
116.09,1483.89,137.57,529.68,3095.29,62.96,692.78,87.48,12.03,104.53,620.96,18582.47,16.52,14.84,2445.33,372.61,58.62,48.45,6.19,389.18,153.83,12.75,263.39,11.35,172.06,1929.5
114.28,1413,139.38,517.96,3262.84,66.02,677.02,94.61,12.03,102.9,588.63,17156.35,18.1,16.13,2424.27,416.98,57.06,49.32,5.99,387.2,161.46,12.5,264.55,11.2,178.21,1959.91
110.55,1290,143.06,513.49,3117.33,73.75,672.25,87.3,12.03,108.39,607.5,15261.5,19.39,17.11,2421.48,448.22,47.69,50.2,5.93,378.26,167.42,11,247.61,10.2,174.53,1654.4
107.26,1205,138.65,492.6,2738.14,77.34,643.74,85.13,12.03,105.86,643,13454,18.22,15.86,2328.63,454.27,54.94,51.98,5.58,399.27,195.13,11.6,238.93,9.85,176.37,1627
102.53,1252,123.21,468.97,2544.13,78.86,614.32,85.1,12.03,102.1,665,12143,17.8,15.6,2269,454.1,58.21,52.63,5.33,510.91,208.01,8.5,233.79,9.8,168.65,1537
90.38,1351.49,85.91,489.91,2503.79,83.01,642.39,90.19,12.03,106.56,691,12275,17.67,15.54,2399.15,430.3,57.08,51.54,5.03,516.36,214.19,9.4,236.36,9.8,166.82,1614
83.94,1292,77.4,482.59,2760.18,82.97,629.51,91.5,12.03,105,701,12910,16.87,14.91,2368.74,491.1,53.64,51.21,4.81,521.52,220.27,8.5,216.78,9.6,164.24,1726
83.08,1140,77.84,424.07,2883.64,81.45,621.45,95.89,12.03,104.45,727,11222,17.69,15.71,2351.4,502.31,64.98,50.6,4.81,523.34,219.63,8.5,216.57,9.6,163.51,1626
79.84,1064,67.76,401.75,2859.39,82.1,627,94.68,12.03,106.79,751,10425,18.41,16.14,2421.26,474,70.37,49.07,4.92,523.98,203.26,8.5,206.34,9.4,164.61,1583
77.19,1010,70.72,426.26,2590.43,82.13,621.54,93.8,12.03,103.34,692,9793,18.38,16.04,2577.83,436.34,96.26,47.43,4.89,530.24,173.62,9,203.73,9.3,163.51,1435
77.75,970,72.55,435.54,2418.47,77.62,631.76,90.86,12.03,108.33,710,8809,19.37,17.12,2843.95,441.49,80.19,47.43,4.83,556.01,148.81,8.73,200.26,9,164.61,1450
78.56,995,75.83,440.95,2365.56,75.2,652.06,92.7,14.05,111.9,707,7056,20.59,17.57,2972.68,456.54,93.15,47.83,5.2,555.92,203.78,8.9,191.31,9,167.92,1294
78.53,1022,84.01,422.29,2358.94,75.96,670.17,92.68,14.05,116.17,779,6977,19.68,17,3052.71,409.71,80,48.6,5.65,569.15,203.73,9.8,182.27,8.8,160.94,1394
84.44,1131,93.96,412.77,2625.7,78.9,641.98,95.41,14.05,114.08,1059,9267,18.12,15.59,2925.14,443.7,79.91,50.34,5.61,566.26,206.02,12.88,184.33,8.8,156.53,1666
89.38,1336,93.73,428.8,2685.23,82.87,647.4,100,14.05,121.11,835,8939,16.32,14.05,2945.97,495.05,99.64,49.07,5.63,549.91,218.76,11.25,191.06,8.65,159.47,1686
90.17,1443,92.02,444.77,2740.34,85.6,663.07,99.46,14.05,122.52,825,8698,16.21,14.03,3021.1,584.76,115.68,49.03,5.8,491.88,213,11.55,199.97,9.35,149.18,1775
85.21,1330,88.26,430.43,2583.81,90.18,676.15,97.9,14.05,123.41,837,8422,14.93,13.05,3074.49,599.86,121.46,50.27,5.67,495.39,200,11.98,192.49,11,135.58,1715
85.44,1346,86.48,435.43,2769,91.79,715.45,96.75,14.05,125.57,875,9318,16.81,14.88,3252.2,567.27,96.19,50.05,5.74,485.86,210.05,13.95,193.97,11.6,124.93,1637
86.08,1284,94.42,421.39,2956.4,81.28,751.04,91.89,14.05,125.38,875,10957,26.54,25.06,3416.71,591.42,93.97,49.72,5.92,487.52,208.3,13.7,192.7,11.45,116.84,1615
89.73,1371,94.92,422.95,3040.17,81.28,743.24,87.66,14.05,124.07,838,10844,33.62,32.03,3383.62,626.23,95.68,49.58,6.29,487.75,199.59,12.25,198.24,10.5,114.27,1537
90.2,1309,91.41,429.86,2742.55,81.36,584.5,84.59,14.05,125.46,760,9145,34.85,32.34,3501.09,644.07,113.63,48.67,6.35,505.24,206.98,14.15,200.76,8.5,114.64,1353
89.74,1352,84.84,432.07,2583.81,82.43,554.05,82.86,14.05,123.73,700,8587,31.54,28.98,3535.09,520.01,110.74,48.34,6.46,511.33,206.64,14.13,192.01,9.5,112.8,1278
89.17,1297,89.89,420.13,2484.61,83.86,517.15,84.85,14.05,120.32,624,8158,26.61,24.18,3469,434.11,106.5,47.5,6.5,499.2,198.22,12.65,189.54,9.7,113.17,1265
87.1,1242,86.32,406.08,2447.13,83.71,526.29,81.64,15.03,119.23,600,8569,22.81,19.68,3480.7,511.21,120.18,47.69,6.34,497.05,186.94,12,180.4,9.1,111.33,1206
84.19,1215,89.57,404.94,2447.13,84.88,611.24,75.9,15.03,120.89,593,8672,18.53,15.51,3538.31,501.48,106.67,48.78,6.41,492.56,220.67,12.7,183.51,9.5,113.91,1188
83.92,1211,93.72,397.32,2409.65,84.23,507.13,76.6,15.03,111,602,8700,18.21,15.65,3295.73,522.1,109.88,48.52,5.78,491.12,211.42,12.15,184.07,9.4,119.42,1199
81.81,1144,92.27,411.23,2471.38,83.43,510.41,86.45,15.03,103.59,600,9023,18.49,15.55,3149.82,500.87,107.66,47.9,5.37,495.44,209.34,12.05,190.37,9,120.89,1254
76.69,1063.4,87.59,435.03,2340.42,84.17,510.05,88.72,15.03,103.98,559.82,8499.61,18.72,15.77,3107.34,488.45,106.93,48.3,5.05,509.75,211.31,11.73,189.32,9.2,122.04,1127.74
74.53,1041.48,85.5,415.22,2218.07,83.84,500.39,86.7,15.03,100.1,549.44,8296.5,17.78,15.03,2965.84,396.48,104.81,47.5,4.6,480.3,228.71,10.78,190.08,9,120.15,1067.45
71.71,996.86,82.81,438.36,2231.26,81.02,501.56,83.91,15.03,96.75,549.59,8515.2,19.02,16.13,2966.35,517.36,92.26,48.6,4.5,480.3,218.17,9.3,184.68,8.55,118.21,1063.41
75.53,1136.35,81.62,437.68,2236.19,73.47,488.04,77.52,15.03,99.28,541,8154.75,19.3,16.47,3030.12,572.02,77.79,47.5,4.71,553.48,212.42,9.65,199.19,8.25,125.33,1047.74
81.72,1273.32,87.45,389.55,2318.58,70.33,505.34,74.05,15.03,99.89,538.95,7675.95,19.95,17.5,3102.61,559.21,73.21,47.5,5.23,582.79,228.87,10.15,212.96,7.25,135.37,1025.6
81.14,1304.4,79.86,408.23,2360.65,67.94,517.7,75.36,15.03,96.52,522.2,7453.86,21.56,19.12,3100.45,493.05,59.99,48.16,5.18,573.05,218.33,12.15,203.19,7.25,146.89,991.65
83.29,1316.94,78.52,428.37,2375.66,64.1,556.15,75.26,15.03,100.22,506.24,7258.5,20.41,17.76,3199.41,599.72,55.73,47.14,5.59,573.89,215.79,10.75,198.68,7.5,149.54,1100.65
83.63,1366.61,75.1,426.62,2205.92,61.76,570.41,71.29,15.03,107.05,531.37,7140.26,17.63,15.11,3281.67,589.46,52.89,47.25,5.58,567.39,232.11,9.25,191.53,7.4,160.84,1185.08
78.67,1281.57,72.99,405.89,2150.58,59.62,541.02,70.7,14.31,107.76,515.67,7531.14,17.52,15.25,3261.65,504.74,51.77,47.8,5.47,577.77,214.72,9.4,193.36,8.75,169.95,1157.66
72.21,1191.05,67.88,387.36,2208.89,56.3,537.85,67.84,14.31,111.27,505.75,7888,17.65,15.46,3198.4,439.12,54.73,46.52,5.36,599.19,225.15,9.55,192.56,7.9,177.13,1135.48
71.44,1127.96,70.14,384.56,2231.79,55.33,527.96,69.77,14.31,108.61,523.15,7430.46,17.35,15.56,3104.06,432.59,52.38,47.14,5.26,602.24,231.24,10.2,194.94,7.75,169.35,1217.77
70.02,1045.48,65.43,411.06,2214.17,57.99,544.83,75.95,14.31,112.46,533.26,7417.95,18.65,16.67,3161.99,509.86,50.26,47.03,5.17,616.38,258.08,10.65,192.28,7.75,159.93,1304.95
67.66,995.31,60.26,405.58,2219.32,60.59,555.75,80,14.31,116.84,520.75,7333.95,19.52,17.57,3259.13,486.47,64.16,47.07,5.29,628.68,233.16,10.85,199.53,7.55,149.69,1377.74
65.44,962.63,58.38,450.3,2296.44,63.89,533.52,76.77,14.31,119.21,551.02,7202.36,20.88,18.98,3335.56,472.24,60.98,47.54,4.91,610.79,231.97,12.35,201.3,7.75,148.67,1385.41
69.55,1105.24,57.68,456.72,2527.29,65.29,533.75,76.57,14.31,123.69,633.25,7516.17,20.18,18.44,3454.2,552.16,61.04,48.3,5.94,609.62,236.24,12.4,192.64,7.75,136.32,1320.41
71.21,1182.11,52.42,424.65,2513.47,59.75,533.15,72.87,14.31,125.8,655.28,7279.75,19.62,17.78,3490.25,572.61,65.62,48.85,7.07,607.43,227.33,12.8,190.18,8.05,128.17,1363.4
70.57,1118.93,52.73,395.56,2419.61,56.65,490.82,77.72,14.31,124.77,624.84,6918.57,20.19,18.36,3342.78,560.26,53.85,48.89,7.89,606.17,231.18,15.1,194.99,8.75,138.74,1367.12
71.21,1071.48,61.4,355.03,2262.46,53.12,438.86,80.98,14.31,117.35,540.45,6322.5,20.04,18.16,2986.24,497.76,53.76,47.9,6.94,600.25,243.96,13.8,199.87,10.25,140.58,1158.36
74.18,1076.38,67.13,326.69,2161.79,52.69,463.42,80.05,14.31,106.64,462.05,5593.71,18.9,17.21,2747.9,418.69,56.06,49.29,6.04,623.68,244.61,13.85,199.12,10.5,147.57,1052.24
79.15,1034.9,77.46,457.77,2211.95,54,511.72,81.14,14.31,110.67,456.7,5751.19,17.93,16.22,2793.15,424.39,53.17,49.25,5.48,604.35,238.09,12.4,204.84,10,147.83,1061.48
75.92,1035.57,68.66,425.93,2264.21,57.29,503.41,79.87,12.58,110.2,436.9,5948.1,17.24,15.3,2757.83,426.06,59.14,50.48,5.25,605.35,225.02,12.4,203.32,9.8,155.65,1067.57
71.94,990.99,67.46,419.78,2212.18,60.55,424.4,81.41,12.58,105.26,415,6050.75,18.23,16.16,2587.66,412.41,62.98,51.05,5.07,618.11,253.74,12.4,195.97,10.1,148.88,1073.63
68.99,977.32,62.77,435.22,2152.38,61.45,422.92,81.48,12.58,112.07,405.43,5974.91,18.5,16.44,2628.83,364.46,65.6,52.18,4.93,616.81,263.16,12.9,199.39,10.2,147.9,996.76
66.89,1010.75,56.88,454.7,1953.62,61.07,424.59,81.6,12.58,121.77,422.11,5987.5,18.44,16.43,2783.9,380.62,63.73,53.51,5.46,645.42,284.55,12.88,204.27,10.35,141.99,1006
67.87,998.07,61.48,436.65,1799.35,60.17,395.28,80.35,12.58,127.25,407.66,5777.79,18.17,16.07,2787.13,393.62,66.6,56.33,5.85,776.63,292.74,11.75,211.56,10.1,136.58,979.26
66.44,941.69,61.99,441.49,1857.87,58.48,376.43,76.95,12.58,131.17,397.06,5544.32,17.37,15.4,2721.53,376.71,68.31,55.93,5.79,803.57,275.36,13.15,210.53,10.3,121.82,928.23
72.52,1058.64,71.56,461.01,1927.34,57.99,375.25,76.52,12.58,130.1,389.64,5051.18,16.37,14.49,2694.24,404.36,65.46,56.7,5.4,829.75,306.99,12.8,250.73,9.9,127.52,930.07
77.5,1087.17,76.56,455.04,1951.07,55.5,388.36,79.32,12.58,129.77,389.88,4740.48,16.43,14.57,2685.46,443.43,68.43,57.93,5.05,835.6,271.03,13.2,239.49,10.05,129.8,886.83
84.91,1263.3,79.82,470.98,1858.25,55.16,389.89,80.43,12.58,132.62,376.34,4376.05,15.8,13.9,2743.6,604.89,68.98,57.58,4.73,851.1,280.96,13.35,219.99,10.2,131.29,875.73
84.43,1290.47,75.05,472.12,1647,54.91,387.33,81.76,12.58,130.9,386.07,4464.86,16.44,14.59,2706.44,621.42,66.79,55.67,4.35,851.33,295.72,13.5,211.49,10.18,135.96,918.57
85.47,1321.78,77.07,503.43,1632.57,54.91,373.16,80.82,12.58,128.8,401.64,4642.27,15.09,13.49,2665.22,440.79,60.68,55.08,3.94,835.17,294.07,12.9,227.76,9.9,146.5,929.39
87.57,1359.51,80,554.24,1723.63,58.74,393.21,79.84,12.58,129.47,460.38,5139.8,13.36,12.03,2681.78,321.16,57.53,53.67,4.31,830.07,285.96,12.6,223.82,9.85,158.65,975.53
82.28,1263.63,77.21,580.65,1807.07,67.94,395.87,75.07,11.45,130.45,491.4,5584.05,14.17,13.27,2686.82,304.01,62.4,52.8,4.33,774.17,305.16,13.2,217.13,9.45,153.21,998.6
83.78,1226.59,82.16,576.66,1865.08,79.97,398.37,75.08,11.45,130.23,484.45,5830.1,13.75,12.73,2661.5,340.1,67.84,53.63,4.49,758.36,305.16,13.88,215.25,9.45,147.04,969.75
88.92,1307.19,85.57,597.8,1913.17,81.77,393.37,78.96,11.45,131.23,451.09,5590.43,13.69,12.53,2683.4,464.44,62.63,55.45,4.59,770.99,285.63,13.83,213.48,9.3,141.04,937.61
90.35,1244,89.23,597.51,1881.37,83.25,378.37,84.75,11.45,130,440.42,5400.26,15.15,13.9,2668.77,358.15,59.98,56,5.2,819.89,315.97,14.5,207.52,9.25,140.45,924.34
109.52,1378.69,121.98,601.16,2144.5,86.04,389.78,87.33,11.45,126.59,475.86,6082.86,16.43,15.15,2705.24,415.79,60.57,58.94,5.43,855.1,296.72,15.2,210.81,9.25,140.15,956.71
123.34,1458.95,142.56,597.68,2363.09,86.2,396.97,88.75,11.45,127.03,524.48,6287.05,17.23,15.88,2744.46,436.65,61.27,59.35,5.46,876.8,326.34,12.5,216.99,9.25,139.3,966
160.76,1555.87,217.67,576.35,2447.24,82.02,401.81,90.45,11.45,126.11,579.05,6230.57,18.04,16.84,3553.91,537.29,60.59,57.98,5.24,875.95,285.23,13.68,199.92,9.1,137.6,962.64
155.08,1551.17,198.07,589.28,2409.75,76.94,409.34,89.76,11.45,119.62,570.57,5856.14,16.98,15.73,3548.05,543.97,60.12,55.89,5.02,887.33,302.11,13.73,192.5,9.05,146.02,946.91
167.11,1486.26,220.1,653.58,2504.84,75.29,418.1,93.77,11.45,119.79,612.95,6370.68,16.13,15.08,3596.26,539.22,50.41,56.13,5.28,861.73,293.53,13.6,186.32,9.45,158.79,993.55
155.68,1447.71,198.68,730.78,2546.02,73.88,430.6,93.67,11.45,123.61,640.64,6735.86,16.48,15.3,3694.03,434.87,45.41,54.33,5.35,806.86,285.91,14.18,179.34,9.5,167.19,1059.55
145.12,1430.62,181.64,654.94,2803.55,76.91,412.67,93.04,11.45,122.83,679.32,7474.55,17.2,16.23,3656.24,329.21,40.26,51.67,4.85,792.31,286.32,13.5,175.45,9.6,161.99,1150.27
132.13,1397.51,167.47,698.77,2980.7,86.38,412.64,91.14,11.45,120.51,634.38,8540.65,16.13,15.34,3587.45,232.38,45.43,51.25,4.89,777.81,306.55,14.5,173.45,10.4,164.62,1112.75
135.16,1467.56,172.33,721.3,3003.26,94.78,445.36,90.12,12.27,120.62,664.81,9596.19,16.88,16.08,3622.27,351.1,53.42,51.25,4.81,793.98,281.66,15,172.51,10.78,156.21,1154.81
136.47,1510.63,168.71,653.84,2870.45,99.96,467.28,91.42,12.27,117.56,577.8,8431.25,17.44,16.64,3772.18,418.38,55.68,51.44,4.78,753.47,294.47,15.6,170.29,11.15,154.42,1030.68
142.32,1484.93,178.22,704.18,2919.67,110.47,480.2,97.95,12.27,117.12,582.04,7522.39,17.35,16.49,4161.09,448.61,54.05,51.85,5.08,714.2,299.17,16.25,177.2,11.8,150.39,1021.7
139.67,1463.97,172.81,717.4,2894.89,113.22,482.68,102.32,12.27,115.26,605.78,7405,18.77,17.65,4503.83,556.42,51.05,51.38,5.17,732.6,293.74,17.15,184.07,11.85,148.98,1059.14
136.84,1448.41,168.83,605,2771.57,115.85,476.59,99.61,12.27,111.99,595.88,7262.38,18.43,17.24,4446.18,561.9,48.05,52.33,5.36,750.78,294.21,16.2,185.63,11.9,158.61,1036.62
126.86,1437.17,152.25,614,2987.68,104.36,478.94,92.43,12.27,112.19,610.27,7877.27,17.33,16.24,4465.47,654.87,55.55,54.11,5.42,759.1,316.87,16.95,189.85,11.7,169.98,1007.77
119.87,1360.76,143.83,626.71,3076.45,95.98,539.09,85.71,12.27,107.85,622.4,8618,16.06,15.02,4624.57,686.7,66.06,56.4,5.01,752.33,318.01,17.7,199.36,11.7,190.09,1028.06
126.93,1410.49,151.41,618.43,3040.14,84.65,532.67,82.46,12.27,105.72,623.39,8931.82,16.49,15.38,4591.11,608.39,78.08,59.47,4.75,741.7,305.36,16.25,194.64,11.7,184.39,1015.48
117.61,1395.08,131.87,583.96,2910.43,91.1,542.87,82.43,12.27,105.07,591.25,8397.25,16.77,15.43,4749.52,537.55,75.7,60.63,4.67,728.71,300.18,15.65,209.81,11.85,193.67,988.03
116.17,1394.64,125.38,576.25,2810.07,91.53,552.42,82.2,12.27,113.4,639.39,8068.86,16.18,14.99,4973.13,546.21,78.51,58.72,4.45,723.5,274.59,14.9,219.23,11.85,203.79,980.43
115.92,1435.9,123.23,594.24,2981.62,89.29,614.51,77.96,12.27,117.15,710.5,8498.1,16.82,15.56,5082.29,564.24,65.89,59.65,3.93,716.06,322.97,13.68,230.54,11.85,204.07,1033.19
104.17,1380.96,103.99,577.22,2918.21,88.43,645.04,73.05,12.27,114.98,728.03,8074.21,17.93,16.81,5002.53,443.23,71.5,58.57,3.87,715.85,306.16,13.35,249.43,11.85,208.92,1017.16
103.53,1349.11,109.38,561.62,2605,85.91,694.66,73.56,12.97,116.22,709.88,7870.71,17.79,16.55,5509.12,417.53,72.9,58.45,4.32,719.36,297.69,13.1,258.36,12.2,206.88,1019.69
110.63,1370.55,123.79,536.1,2544.67,86.79,705.54,75.13,12.97,114.95,768.43,8198.5,17.69,15.99,6067.63,434.47,78.51,56.83,4.27,713.66,290.36,14.05,253.71,15.75,218.89,1035.83
105.36,1338.6,119.05,519.24,2563.35,83.23,664.02,77.99,12.97,118.49,816.7,8046.4,19.46,17.09,6032.36,474.39,89.72,55.12,4.36,728.68,299.45,15,251.4,15.75,215.52,1063.25
109.07,1457.33,122.01,530.37,2594.17,83,637.9,84.66,12.97,134.95,812.03,8047,20.78,17.77,5909.79,528.79,99.53,56.02,4.44,751.38,307.24,16.75,274.4,15.99,251.66,1043.95
112.87,1524.44,128.56,590.66,2658.76,82.89,603.71,87.56,12.97,146.12,840.98,8042.86,19.12,16.99,5906.63,520.09,112.15,60.32,4.25,753.11,296.21,16,271.62,16.38,262.11,1036.55
110.82,1537.56,127.91,593.77,2177.6,83.13,597.14,82.15,12.97,153.45,796.58,7713.16,18.56,17,6014.78,559.05,102.34,64.64,4.25,747.91,313.65,15.95,264.25,16.5,227.27,1009.4
104.24,1490.38,120.47,582.62,1983.93,79.84,577.42,89.64,12.97,151.62,783.78,7202.61,19.56,17.79,5903.83,527.45,124.77,66.26,3.78,743.97,304.74,13.8,272.55,16.5,202.6,1000.52
106.26,1501.72,122.49,564.08,2017.86,76.71,565.35,96.09,12.97,151.21,816.17,7037.62,20.19,18.68,5811.23,527.25,124.77,66.7,3.68,743.43,311.08,13.15,281.53,16.46,191.63,1007.95
103.22,1475.95,114.05,575.36,1935.07,75.36,605.67,98.91,12.97,154.71,794.26,7329.81,22.14,20.35,5925.11,528.42,76.3,66.7,3.76,755.31,336.14,12.4,294.05,16.15,178.71,998.98
104,1477.58,120.62,583.36,1960.2,75.43,626.68,101.51,12.97,159.64,741.07,7028.7,23.43,21.72,6023.87,473.7,76.59,65.68,3.89,753.33,316.82,14.55,260.9,15.74,178.32,1002.72
103.08,1465.54,119.61,572.04,2215.43,75.91,643.81,89.97,12.97,170.23,720.29,6960.71,22.25,20.87,6235.91,474.99,75.74,65.83,4.13,753.65,336.25,13.93,255.55,15.07,176.41,1044.31
100.28,1474.23,115.01,547.62,2264.6,78.29,629.31,90.69,12.97,173.95,689.36,6571.05,23.51,21.64,6241.91,433.88,76.51,65.19,4.21,726.84,309.34,14,258.24,14.76,175.7,1036.55
104.42,1428.79,131.83,529.62,2427.27,79.77,608.18,90.02,13.04,174.17,691.52,7069.14,23.29,21.24,6225.94,424.6,74.6,64.2,4.31,740.31,309.67,15.5,260.66,14.49,175.73,1086.14
115.49,1373.28,167.2,544.65,2406.63,80.4,602.29,93.49,13.04,159.21,657.89,7736.58,20.54,18.59,5202.66,406.73,72.48,62.54,3.93,753.29,314.03,15.25,273.45,13.81,172.35,1178.16
128.91,1521.88,193.82,528.15,2420.18,80.63,592.71,99.46,13.04,153.98,693.55,7893.21,19.42,18.07,4815.96,419.62,68.96,61.82,3.74,756.65,298.16,15.54,301.17,13.62,176.61,1254.34
133.9,1570.61,204.43,553.84,2389.32,78.82,584.81,98.68,13.04,150.19,641.61,7313.14,17.98,16.77,4235.24,451.19,76.86,61.3,3.68,749.82,270.2,14.5,309.33,12.83,183.49,1240.02
155.94,1568.3,264.5,566.75,2513.3,79.26,589.35,89.44,13.04,149.42,617.85,7476,19.47,18.45,4246.53,470.14,81.52,60.89,3.63,747.56,313.15,15.8,324.99,11.83,172.59,1310.13
142.21,1693.62,212.55,554.02,2611.29,80.51,610.62,81.57,13.04,150.74,614.05,7060,18.02,17.34,3452.36,439.75,83.17,60.89,3.57,736.6,279.22,15.2,300.66,10.94,148.39,1354.98
133.47,1677.43,186.52,543.16,2449.2,81.18,627.37,80.11,13.04,151.48,633.5,6832.74,18.45,17.29,3760.36,515.5,83.14,61.3,3.66,705.7,303.36,15.3,284.33,10.49,138.31,1517.02
131.57,1649.19,185.17,501.85,2250.1,81.21,656.29,83.9,13.04,144.47,607.38,6764.45,18.79,17.77,3607.56,571.51,77.41,62.71,3.6,649,289.82,14.55,279.81,10.39,150.61,1650.63
133.58,1765.58,184.38,527.88,2104.31,79.64,679.52,84.54,13.04,140.36,632.88,6498.29,18.73,17.95,3839.11,547.13,70.66,63.05,3.64,587.03,298.62,16.2,277.95,10.25,151.74,1638.29
127.24,1741.1,161.45,575.82,2050.7,77.75,696.66,86.35,13.04,143.05,598.2,6373.48,20.12,19.06,3914.95,493.47,65.95,59.63,3.74,534.52,278.46,17.93,245.04,11.28,151.66,1276.67
125.59,1696.37,154.15,686.91,1918.5,77.22,742.33,89.18,13.04,148,562.6,6137.25,19.16,18.38,3881.83,414.98,63.03,57.56,3.62,516.44,299.18,17.5,259.68,12.75,149.88,1171.15
133.95,1738.75,174.25,641.34,1761.45,74.35,761.33,82.29,13.04,138.32,525.74,5942.38,17.24,16.31,3655.3,352.94,56.52,55.98,3.58,471.02,275.66,16.1,241.42,12.5,144.62,1101.26
136.8,1670.67,175.04,629.61,1687.6,72.14,755.77,66.79,13.41,130.02,530.65,5489,15.07,13.4,3475.1,361.63,50.56,55.5,3.47,413.37,287.3,18.1,217.84,12.04,137.1,1096.25
137.14,1643.23,175.87,645.92,1664,68.84,754.4,77.62,13.41,126.56,515.63,5367.25,14.18,12.43,3164,394.7,50.38,55.81,3.42,504.15,277.7,18.8,207.11,11.38,140.05,1043.2
128.24,1721.06,154.82,647.81,1747.16,68.43,741.7,82.61,13.41,123.25,558.98,5397.05,13.24,11.53,3106.16,408.36,50.25,56.92,3.51,506.13,278.62,18.75,188.89,10.66,138.92,1046.75
126.13,1720.16,147.08,665.44,1800.13,65.7,743.83,83.77,13.41,121.12,571.78,5391,13.39,11.47,3093.11,443.83,50.75,57.62,3.83,505.98,280.31,17.5,176.48,10.75,130.15,1096.18
121.76,1781.41,134.35,661.6,1731.66,64.36,732.55,85.03,13.41,115.01,542.74,5016.84,13.97,12.63,3160.63,448.75,61.33,59.08,3.95,472.69,297.55,17.03,171.4,10.75,128.92,1060.37
116.46,1723.35,121.56,650.02,1656.6,68.94,727.63,83.2,13.41,105.58,526.48,4456.9,12.48,11.68,3184.11,457.59,60.45,62.54,4.17,451.42,290.69,16,178.42,10.75,120.64,1007.6
112.79,1712.24,113.86,608.11,1655.67,69.86,706.68,81.09,13.41,103.51,543.64,4332.62,12.72,12,3172.03,542.93,52.34,67.34,3.83,437.6,268.34,16.25,188.04,10.61,118.54,1043.5
114.99,1682.5,119.89,588.9,1619.93,68.18,708.88,81.11,13.41,103.43,526.85,4078,12.49,12.18,3148.39,506.8,49.06,70.85,3.61,455.58,269.07,16.5,152.85,10.5,107.95,1029.05
111.39,1685.86,108.07,609.95,1646.77,66.39,726.89,75.39,13.41,116.53,519.45,4100.91,13.8,13.07,3293.41,499.06,40.93,71.06,3.64,503.5,276.91,17.15,143.22,10.23,107.93,999.64
108.9,1647.52,107.07,635.47,1585.5,61.46,707.25,68.27,13.41,121.3,493.2,3870.45,13.26,12.81,3346.8,433,38.59,69.15,3.76,510.49,265.69,15.05,151.25,9.61,126.54,941.36
109.64,1599.91,115.14,609.82,1573.72,56.08,653.71,67.41,13.41,114.5,493.02,4117.25,11.88,11.76,3281.72,428.24,23.68,67.1,3.77,513.99,281.84,13.65,160.32,8.88,130.21,965.95
108.82,1524.12,116.03,613.05,1475.76,56,548.67,68.03,13.41,111.35,500.61,3865.76,10.41,10.12,3299.12,383.92,19.1,64.9,3.66,534.97,283.75,13.85,160.9,8.49,126.21,961.58
106.97,1455.79,111.48,571.28,1432,55.78,528.17,69.15,11.93,110.05,491.63,4264,11.32,10.67,3260.92,417.37,34.86,62.93,3.71,538.46,290.99,14.9,150.15,9.01,125.29,931.75
102.51,1411.14,103.24,499.91,1412.95,56.19,508.74,69.84,11.93,108.86,512.95,4623.25,10.75,10.05,3216.03,403.97,37.34,61.25,3.57,538.46,286.34,15.58,143.06,9.2,117.03,1017.6
99,1313.89,103.23,430.99,1378.48,56.71,434.31,70.76,11.93,108.38,506.8,5002.95,12.86,12.08,3767.08,439.64,35.08,59,3.56,555.94,300.62,15.95,144.45,10.44,117.34,1028.8
93.94,1177.89,99.69,439.59,1463.73,57.74,402.13,67.17,11.93,108.8,517.08,5054.75,15.73,14.81,3824.25,447.14,39.45,57.71,3.69,566.43,285.05,15.7,146.51,10.85,113.87,1018.18
92.16,1059.24,108.91,444.23,1510.45,59.9,385.72,65.98,11.93,112.03,540.71,5395.79,16.12,15.38,3876.89,444.25,48.75,59.6,3.65,580.42,303.76,14.85,145.24,10.73,113,1039.92
91.71,1162.91,104.21,413.29,1422.16,58.5,381.18,66.76,11.93,111.46,495.45,5194.77,16.24,15.4,3829.73,484.44,45.92,60.96,3.47,608.39,290.64,11.68,150.37,10.56,111.41,999.91
85.66,1113.24,90.85,398.16,1639.18,54.41,393.63,68.08,11.93,114.66,495.11,5696.36,18.75,17.66,3658.97,460.27,44.33,61.13,3.41,622.38,290.95,13.53,143.26,10.26,103.02,1071.23
82.92,1003.57,87.64,366.4,1646.74,50.98,408.96,72.36,11.93,123.21,502.24,6431.43,20.21,19.29,3736.3,492.36,53.25,60.41,3.48,629.37,296.19,14.5,154.13,10.11,111.41,1129.69
83.71,1060.56,81.06,449.56,1749.68,49.48,430.42,77.76,11.93,119.47,506.5,7029.09,22.37,21.48,3773.36,471.85,48.7,60.92,3.46,643.36,314.87,15.25,161.68,9.92,113.19,1192.93
88.27,1021.54,92.2,397.68,1723.29,47.43,432.83,80.45,11.93,124.57,496.4,7317.62,22.19,21.5,3852.53,517.99,46.59,58.67,3.51,643.36,323.23,16.24,166.01,9.76,108.1,1147.98
93.05,922.08,114.02,368.51,1726.77,46.21,437.55,79.64,11.93,123.55,477.57,7946.82,24.22,23.06,3709.49,340.37,47.66,58.5,3.51,643.36,309.67,16.95,164.45,9.71,108.8,1146.39
92.49,918.75,123.56,364.66,1764.88,44.2,453.7,77.86,11.93,124.79,478.74,8073.24,25.01,23.53,3299.71,339.07,50.94,58.5,3.81,643.36,314.24,14,161.5,9.64,102.16,1185.24
84.54,918.48,109.17,366.05,1843.85,47.43,452.22,76.28,12.45,128.24,471.88,8315.25,25.21,23.18,3553.8,348.9,51.61,58.23,3.87,643.36,295.28,17,172.43,9.55,105.83,1178.58
80.36,860.74,101.65,350.41,1807.03,53.44,448.56,75.88,12.45,122.51,453.25,9583.75,27.15,24.62,3488.13,323.59,54.91,57.63,3.9,643.36,312.8,17.55,180.47,9.39,108.41,1098.25
81.55,925.93,97.95,353.87,1739.8,57.3,434.75,77.9,12.45,123.47,441.84,10255.4,27.49,25.08,3443.88,299.18,57.76,57.25,3.94,636.36,320.71,17.75,185.63,9.31,105.7,1113
78.92,911.95,92.56,373.66,1681.91,58.77,423.79,78.67,12.45,110.47,423.02,9746.5,23.45,22.03,3404.1,337.49,66.95,57.25,4.01,636.36,298.83,17.85,187.86,9.14,105.11,1132.52
78.83,909.42,91.76,356.05,1785.1,60.5,417.21,79.24,12.45,105.84,412.61,10122.91,27.23,25.51,3243.64,411.02,69.16,57.76,4.05,633.93,310.91,16.3,200.98,8.5,110.78,1154.07
76.47,948.23,84.1,358.92,1752.07,59.47,452.82,75.06,12.45,104.36,419.55,8384.32,29.62,27.32,2970.88,426.49,69.5,59.12,4.01,629.37,303.42,16.05,191.49,8.23,113.51,1116.19
76.96,967.11,84.67,343.93,1803.14,58.39,471.25,77.52,12.45,102.31,453.1,8174.81,28.16,26.01,2669.99,401.78,66.59,59.76,4.06,628.21,290.24,16.78,175.93,8.1,108.98,1135.91
72.25,877.79,74.52,345.65,1857.12,60.89,461.6,81.61,12.45,104.51,472.57,8038.43,29.41,27.05,2666.9,392.32,59.49,60.17,3.83,604.9,238.72,18,171.07,7.96,108.28,1172.55
72.44,882.73,73.83,332.81,1961.89,61.64,462.45,85.44,12.45,109.1,488.05,8624.81,32.08,29.74,2567.81,364.71,57.16,61.7,3.24,544.96,275.27,18.3,188.03,7.57,117.49,1221.67
71.08,877.72,75.37,323.71,1894.37,60.89,457.12,85.41,12.45,113.14,484.79,7650.64,31.4,30.22,2598.36,379.84,54.89,61.53,2.94,538.46,270.09,17.65,186,7.4,128.22,1091.61
68.51,873.99,70.47,315.1,1795.6,63.98,450.26,84.43,12.45,112.48,465.88,7350.59,32.33,30.1,2552.18,364.21,48.68,61.5,2.87,526.38,289.62,16.65,194.33,7.13,127.73,1058.68
66.28,892.78,64.5,334.72,1852.4,65.86,493.05,85.25,12.45,117.83,463.53,7318.8,25.28,22.16,2601.72,309.02,54.76,61.5,3.02,524.48,211.79,16.7,211.81,7.14,128.01,1059.33
68.11,966.39,64.98,342.98,1787.06,64.18,500.77,85.32,12.99,122.87,478.54,6975.91,25.95,22.69,2624.08,348.93,50.38,61.54,3.05,517.48,275.6,16.9,197.59,7.1,132.84,1032.7
72.44,1157.47,66.94,331.48,1766.13,60.44,513.14,84.49,12.99,123.6,501.71,6546.8,27.24,24.74,2552.27,407.17,53.8,61.77,3.02,501.75,289.82,16.65,178.71,7.39,128.12,1021.58
70.68,1124.41,65.93,351.18,1742.16,54.56,497.36,93.27,12.99,137.77,498.85,6165.18,25.02,23.43,2565.32,554.81,63.11,62,3.1,500,263.49,14.75,169.52,7.69,130.28,1005.62
67.91,1083.66,65.51,361.56,1665.97,51.16,481,101.32,12.99,131.91,477.59,6363.11,25.66,24.06,2597.95,629.72,64.63,62.06,3.03,500,289.28,14,169.02,8.23,129.3,970.14
67.78,1077.44,68.94,370.56,1684.85,49.97,479.31,102.29,12.99,130.05,466.08,7086.48,27.55,25.58,2581.68,734.34,70.61,63.04,2.97,500,275.59,13.65,178.07,9,135,937.96
63.45,973.29,63.67,361.51,1610.47,47.46,508.93,97.53,12.99,124.57,444.73,6674.33,26.97,25.61,2536.49,830.56,72.92,63.54,2.89,476.69,305.24,12.35,185.04,8.78,127.23,896.93
61.72,965.32,58.47,371.84,1526.77,45.55,525.21,87.89,12.99,118.64,462.15,5962.55,24.8,23.43,2559.12,962.94,72.97,64.27,2.83,481.09,289.42,12.05,194.23,8.75,123.79,853.3
63.2,1032.48,59.68,435.41,1466.41,43.33,545.5,76.94,12.99,129.59,483.63,5525.64,25.81,24.31,2626.91,784.58,71.54,65.58,2.92,475.52,292.2,11.3,189.1,8.95,121.92,830.03
61.36,1026.2,57.71,444.65,1427.7,41.26,549.33,73.06,12.99,138.24,464.81,5057.65,25.03,23.96,2736.64,577.54,63.93,66.48,2.92,489.51,282.92,11.56,183.94,9.15,122.03,799.51
60.65,1084.86,56.53,441.27,1377.38,37.22,555.81,70.88,12.99,135.1,468.58,4830.78,20.73,19.54,2842.81,423.63,57.29,65.7,2.79,484.65,274.31,10.63,177.63,9.47,123.34,761.74
63.94,1231.55,58.96,432.43,1434.29,37.96,585.28,72.88,12.99,134.69,486.71,5131.32,18.69,17.53,2936.19,466,48.6,64.33,2.62,465.99,289.1,9.9,177.99,9.43,125.27,774.35
66.29,1337.43,55.6,457.68,1472.85,42.87,618.96,69.34,12.99,135.94,482.91,5315.82,18.52,17.64,2847.84,425.76,47.41,63.23,2.56,468.86,266.97,11.6,166.5,9.5,122.53,757.97
68.3,1385.93,57.34,444.03,1508.23,43.42,621.83,68.35,12.68,138.15,511.09,6061.36,19.15,18.29,2788.69,443.71,54.26,62.94,2.52,470.96,252.9,12.7,169.58,9.59,125.31,794.2
71.93,1490.39,60.51,433.86,1561.37,42.81,633.4,72.24,12.68,137.12,480.93,6039.95,19.98,18.91,2774.94,454.62,55.14,62.92,2.52,482.52,271.49,12.23,165.45,9.72,123.28,773.47
79.48,1592.03,66.38,409.65,1607.39,42.04,633.5,80.3,12.68,137.39,480.68,6543.2,23.64,22.85,2795.62,590.33,50.8,62.73,2.68,482.18,241.47,11,174.29,9.95,122.56,820
78.24,1568.15,65.78,411.14,1588.57,41.38,646.64,83.69,12.68,137.77,472.09,6956.81,25.43,24.41,2814.34,579.16,44.78,62.5,2.81,485.06,248.19,11.3,175.93,9.75,123.72,807.58
75.33,1604.7,58.43,410.06,1597.02,39.89,661.87,84.14,12.68,141.06,450.39,6771.18,25.69,24.59,2820.98,635.51,46.98,63.35,3.02,484.65,254.1,11.66,179.9,9.9,121.46,768.25
76,1656.46,55.16,438.49,1650.59,43.48,644.25,86.98,12.68,143.31,439.98,7147.61,24.49,23.83,2834.26,635.47,50.41,63.8,3.05,500,259.95,11.23,185.83,9.9,132.03,769.42
81.16,1872,53.09,469.19,1588.28,46.7,652.11,84.39,12.68,150.81,446.03,7137.7,25.75,24.57,2981.64,653.47,54.87,64.21,3.06,507.45,287.33,10.78,204.24,9.89,149.3,795.01
83.28,1959.27,52.02,482.34,1482.92,49.32,650.15,85.63,12.68,148.75,424.33,6736.86,26.78,25.32,2957.09,637.6,46.11,64.11,3.02,532.74,280.84,11.85,201.12,9.85,161.26,748.81
92.05,2167.41,57.58,539.45,1478.93,48.98,662.55,85.74,12.68,150.45,420.54,6664.95,28.28,26.83,3000.22,626.68,36.66,64.04,3.13,564.77,309.2,12.85,200.25,9.8,187.84,756.18
94.02,2201.5,64.05,523.23,1486.17,49.56,654.82,85.7,12.68,154.82,418.25,6818.91,27.53,26.18,2987.84,614.28,42.81,63,3.14,565.22,299.03,13.1,185.35,9.84,190.32,755.09
87.96,1825.06,70.18,565.3,1581.04,52.33,650.13,81.21,12.68,154.96,441.44,7314.81,24.79,23.32,3012.77,476.8,40.6,61.9,3.15,564.44,283.98,13.25,183.88,9.86,176.26,764.57
91.26,2025.61,63.86,623.45,1592.96,55.22,635.42,70.62,12.68,157.94,441.21,7206.33,27.89,25.71,3037.73,426.76,43.67,61.49,3.16,565.16,290.55,12.8,181.98,9.88,168.98,794.26
96.85,2190.14,65.22,620.67,1650.31,56.71,641.65,69.8,13.82,162.69,444.85,8032.91,30.77,28.07,3257.01,547.13,46.58,62.27,3.34,552.45,294.99,12.45,184.87,10.16,149.6,782.34
99.02,2230.35,67.6,622.98,1682.15,58.55,637.82,70.93,13.82,159.7,474.53,8607.95,32.88,30.2,3395.19,505.06,48.16,63.13,3.25,549.83,277.48,11.95,192.42,10.1,150.84,785.67
90.4,1989.84,61.66,554.02,1655.69,61.01,632.28,70.11,13.82,153.1,454.73,8339.71,30.36,27.42,3482.4,633.16,48.84,63.86,3.18,549.12,257.37,12.43,191.36,10.1,141.81,790.33
89.79,1932.14,65.32,580.89,1587.87,60.78,622.2,67.97,13.82,149.04,438.03,7930.6,25.49,23.38,3463.6,700,49.26,63.53,3.18,550.06,296.9,11.9,200.26,10.1,138.62,756.75
84.71,1729.21,66.18,621.58,1651.1,57.8,640.06,63.55,13.82,157.01,462.35,8347.75,26.06,24.25,3570.42,685,58.99,64.6,3.25,554.83,275.09,11.3,214.18,10.9,141.96,776.12
79.8,1579.11,61.34,632.69,1685.11,58.5,672.42,61.28,13.82,165.93,467.67,8839.05,27.91,25.47,3820.14,719.44,64.81,65.99,2.69,552.45,290.3,11.15,210.61,10.9,131.35,790.66
80.5,1556.87,62.29,611,1712.83,60.19,668.62,63.84,13.82,152.41,513.34,8831.78,28.59,26.63,3852.84,749.65,60.9,67.5,2.4,552.45,297.01,11.65,200.44,10.95,131.62,828.5
80.54,1565.55,63.6,573.9,1756.73,60.5,656.84,68.52,13.82,157.42,493.78,9359.9,29.68,27.62,3823.97,793.2,56.69,68.5,2.5,559.44,291.02,11.53,199.3,11.24,148.72,815.2
82.99,1625.39,65.51,547.68,1789.67,64.18,645.36,71.15,13.82,167.16,520.98,9995.82,26.88,25.27,4007.75,782.99,56.65,69.23,2.88,545.45,292.74,11.3,218.14,11.49,145.62,818.94
78.69,1481.68,62.58,595.08,1925.58,72.56,643.64,70.5,13.82,165.75,587.46,11040.35,29.01,27.13,4224.25,836.15,52.54,68.57,3.16,545.45,285.83,11.48,245.71,12.37,147.46,900.1
78.86,1510.01,62.36,641.81,2053.28,76.94,670.87,70.75,13.82,160.81,622.67,12052.4,29.12,27.5,4256.22,660.98,48.69,68.36,2.96,545.45,283.28,10.65,262.96,13.18,160.55,914.24
83.69,1646.58,64.88,640.64,2202.04,73.59,670.59,71.23,13.82,166.72,690.11,14185.21,29.95,27.86,4407.41,582.95,48.68,68.98,3.12,538.46,269.63,10.38,255.64,13.35,165.57,976.76
86.47,1626.4,73.73,688.63,2421.48,76.24,711.99,72.44,16.39,164.66,753.56,15089.33,31.4,28.68,4525.8,718.27,52.94,69.58,3.23,538.46,275.44,10.9,278.48,14.8,166.33,1015.89
84.99,1566.09,77.51,683.49,2751.72,73.92,733.62,69.54,16.39,163.21,885.15,15099.35,31.32,28.4,4669.09,831.05,61.03,71.59,3.32,552.45,303.42,10.73,286.39,16.05,161.39,1085.79
82.89,1504.43,77.47,696.37,3000.28,72.28,729.21,67.28,16.39,160.47,878.14,13786.54,33.67,30.46,4673.58,934.72,65.35,73.09,3.45,552.45,307.38,11.33,331.41,17.14,166.28,1101.8
79.22,1435.67,74.34,661.68,2926.98,69.44,713.13,63.66,16.39,159.11,747.03,12725.9,33.71,31.07,4565.24,858.92,65.28,74.75,3.61,552.45,299.19,11,343.71,17.75,166.58,1028.91
79.65,1413.04,75.81,742.96,2728.46,70.04,704.23,62.94,16.39,158.19,804.1,11228.61,37.63,34.47,4570.7,872.75,78.87,76.59,3.48,587.41,344.08,11.5,331.65,17.75,163.73,1030.98
82.1,1404.71,82.16,749.29,2689.05,64.63,679.41,65.1,16.39,164.21,863.73,13599.36,35.54,33.41,4636.37,920.82,78.36,79.63,3.21,590.91,343.06,10.4,311.68,17.88,154.74,1018.86
82.8,1567.86,73.96,876.53,2816.8,57.02,666.62,67.66,16.39,167.86,931.34,15020.07,37.93,34.48,4649.91,994.18,78.66,80.94,3.11,594.41,347.3,9.63,291.01,17.9,150.6,988.1
86.99,1727.33,73.17,722.35,2844.2,53.47,663.68,68.87,16.39,164.93,916.62,13639.62,42.08,38.3,4669.55,935.59,76.03,80.1,3.35,594.41,355.27,10.5,212.15,17.9,141.29,976.8
87.09,1541.14,80.99,711.72,2903.17,56.68,663.5,68.2,16.39,163.31,932.16,13430.36,41.65,35.48,4569.18,901.3,74.88,78.16,3.26,594.41,342.72,9.8,182.69,18.6,151.03,980.03
81.48,1483.8,79.81,651.96,3009.4,52.52,667.14,67.22,16.39,168.81,932.86,14378.48,46.87,37.58,4547.86,921.2,72.7,76,3.19,601.4,349.5,9.65,171.44,20.08,150.15,1066.95
88.43,1665.71,89.51,671.38,3130.31,49.24,691.63,66.5,16.39,172.32,966.31,14089.51,42.23,34.88,4670.36,715.34,75.81,74.71,3.23,608.39,327.98,9.8,170.13,20.2,156.57,1100.23
94.27,1672.75,102.57,702.05,3139.79,48.6,690.63,66.09,16.39,182.1,972.34,13764.98,39.09,34.26,4823.58,686.13,72.18,73.6,3.67,608.39,292.37,9.45,175.72,20.5,153.87,1182.14
95.27,1549.89,107.11,744.1,3168.1,51.26,700.23,65.84,28.11,181.61,954.23,14563.75,42.89,37.81,5351.37,640.12,72.08,73.44,3.69,636.36,328.99,9.5,175.18,20.54,153.59,1245.55
106.45,1719.46,122.23,728.62,3247.1,52.17,707.86,66.01,28.11,174.78,972.98,15415.6,44.56,39.82,5579.55,742.36,69.23,73.75,3.89,636.36,316.35,11.65,178.55,21.2,151.3,1323.11
111.5,1763.91,134.69,716.53,3378.9,56.24,714.03,65.83,28.11,171.85,1001.69,16239.9,50.93,45.58,5645.16,1109.06,69.45,73.88,3.98,646.85,359.52,11.48,207.64,21.84,150.99,1373.96
102.83,1585.95,128.79,714.29,3389.81,56.95,710.51,64.6,28.11,167.5,980.48,16138.33,50.64,47.1,5619.99,1174.97,69,74,3.98,643.36,325.82,10.53,210.27,23.14,140.88,1297.81
102.72,1509.46,126.16,681.71,3241.9,55.84,695.98,64.5,28.11,164.53,985.29,17002.25,47.81,45,5487.49,1095.68,74.92,74.29,4,657.34,334.52,9.47,218.01,28.25,144.25,1245.54
104.95,1538.63,119.98,678.42,3529.73,53.99,682.06,65.6,28.11,159.83,982.65,16113.18,53.89,50.98,5371.33,934.69,67.47,74.48,4.18,657.34,327.32,9.27,241.22,29,141.93,1273.12
98.37,1488.32,108.45,652.96,3608.48,54.97,656.46,66.26,28.11,154.42,857.52,14587.6,56.37,52.85,5239.17,748.69,67.52,74.75,4.38,657.34,298.1,9.64,238.8,29.28,143.87,1196.86
97.36,1482.23,108.43,701.2,3791.91,54.07,784.54,66.22,28.11,154.22,887.42,14962,61.87,56.63,5590.13,757.4,69.66,74.77,4.34,664.34,334.24,9.16,217.6,29.65,149.36,1300.75
94.36,1504.16,98.17,708.89,3850.66,54.95,783.29,65.68,28.11,155.13,932.77,14154.55,61.65,56.54,5669.46,749.03,67.45,75.19,4.18,671.33,331.08,9.22,193.57,30.43,159.71,1396.66
94.51,1453.83,106.09,774.26,4056.17,58.24,817.1,65.33,28.11,150.35,999.4,12431.12,58.19,53.67,5652.39,815.14,64.88,74.38,4.08,671.33,331.64,9.38,186.58,32.75,167.83,1483.22
94.64,1428.78,108.81,780.89,4278.16,56.83,823.44,65.9,28.11,148.23,1017.84,12235.05,54.98,51.31,5727.45,879.53,59.88,72.69,3.92,685.31,333.1,9.62,192.15,33.56,161.12,1610.65
97.05,1511.32,103.03,769.72,4577.03,56.53,855.24,65.91,28.11,148.57,1120.15,13490.45,56.47,53.13,5296.38,849.42,60.7,71.21,4.13,685.31,319.36,9.53,209.58,35.53,164.44,1819.36
108.25,1576.23,124.36,784.24,4743.86,59.01,910.33,65.6,33.45,149.23,1258.14,14660.81,62.36,58.31,5751.19,849.75,55.84,69.86,4.03,713.29,308.75,9.59,201.96,36.75,167.16,2091.77
109.65,1546.37,118.52,791.92,4974.98,60.75,909.04,66.1,33.45,146.35,1267.44,14974.5,59.71,57.58,5820.51,821.46,58.43,69.18,4,713.29,324.53,9.45,198.43,37.69,179.84,2219.75
105.75,1545.05,112.2,784.54,5123.67,58.62,906.58,66.86,33.45,140.51,1193.89,14925.48,60.93,57.65,5744.85,808.86,58.68,68.29,4.62,713.29,317.78,10.3,192.43,39.77,174.44,2427.66
104.93,1552.34,114.71,830.28,6404.44,57.18,918.24,67.59,33.45,141.22,1170.56,18028.89,68,64.06,5583.08,800.33,55.96,67.52,5.43,720.28,309.13,10.2,190.55,41.1,180.35,3068.34
104.6,1594.3,107.96,880.61,8059.19,55.41,970.83,69.04,33.45,148.52,1167.5,21131.33,68.61,64.91,5853.98,800.19,66.23,67.87,6.17,759.9,327.65,10.12,193.25,42.28,193.17,3544.64
104.05,1605.78,101.21,888.57,7222.77,56.42,958.62,69.45,33.45,150.16,963.61,20585.91,68.29,65.08,5474.81,665.84,74.38,68.98,6.68,749.27,349.85,9.88,196.26,44.17,195.16,3197.59
108.56,1673.21,102.77,852.1,7726.74,56.73,959.07,68.79,33.45,155.95,1053.26,26185.71,72.51,69.05,5513.21,734.4,70.1,69.9,6.14,749.62,357.94,10.48,187.27,46.5,202.43,3320.74
110.62,1612.94,112.13,900.99,7690.25,59.85,1251.38,68.96,33.45,169.68,1179.32,30468.86,71.81,68.78,5575.76,830.84,71.93,70.42,5.83,769.3,368.83,9.82,175.91,47.44,189.91,3339.97
108.2,1566.34,109.36,850.7,7622.64,58.82,1296.63,69.81,33.45,164.91,1346.53,29702.62,61.97,59.77,5474.18,878.63,67.91,70.69,4.72,766.66,355.23,10.3,177.59,52.44,195.98,3394.06
106.8,1530.17,110.91,838.11,7497.41,57.03,1263.01,69.68,33.45,155.78,1525.66,32551.14,57.95,56.5,5239.93,1036,64.32,69.65,4.3,762.07,372.6,11.47,194.12,56.06,212.09,3829.6
111.64,1582.54,123.57,894.68,7029.3,57.4,1262.59,71.58,33.45,158.17,1626.02,31891.59,58.13,56.82,5060.34,931.12,62.12,69,4.31,776.99,349.97,11.44,214.23,61.44,205.81,4378.61
117.48,1702.16,129.95,919.08,6680.97,59.43,1285.02,73.71,33.45,162.78,1709.16,34400.53,61,58.67,4760.48,792.8,60.59,69.35,4.51,798.18,367.03,11.21,205.69,66.57,204.31,4381.45
117.71,1701.93,124.46,915.02,5689.34,59.05,1258.73,75.88,36.63,159.32,1664.34,36821.59,53.4,52.01,4490.58,797.09,59.54,71.33,4.46,796.35,355.07,11.27,221.79,72,196.07,3784.86
117.19,1811.15,122.34,864.93,5718.15,57.89,1252.39,77.7,36.63,155.38,1775.08,41078.25,57.58,55.68,4567.09,841.82,65.68,73.77,4.62,795.36,369.66,11.61,244.1,76.25,199.98,3321.38
117.07,1924.2,116.61,854.86,6465.3,58.41,1268.87,77.65,36.63,154.24,1908.98,46125.23,60.6,59.05,4749.46,811.34,61.53,76.37,4.7,791.45,343.57,11.93,239.53,89.44,199.1,3256.18
119.27,2034.25,114.59,835.79,7753.34,57.18,1289.38,77.87,36.63,157.18,1984.16,49956.58,65.1,63.84,4875.67,855.84,65.42,78.1,4.78,808.81,353.73,10.82,221.75,110.43,198.31,3566.86
119.54,2011.13,112.52,858.9,7677.95,55.57,1266.92,76.81,36.63,157.32,2106,51783.33,65.1,64.54,4733.69,886.84,73.51,79.52,4.43,806.21,362.25,9.77,227.67,119.11,195.72,3847.52
124.82,2013.04,118.67,903.5,7514.24,60.44,1254.15,73.26,36.63,159.24,2436.64,41551.67,68.19,65.76,4533.84,935.34,74.06,80.75,4.22,807.06,339.56,11.3,249.16,136.22,223.04,3628.65
127.97,2151.67,116.8,939.4,7980.93,67.81,1212.95,67.67,36.63,165.72,3072.43,33400.23,73.67,69.46,4426.95,1142.48,70.81,81.17,4.35,826.41,309.03,11.11,252.57,131.5,238.41,3546.3
121.98,1902.09,123.63,1006.75,7500.2,66.62,1148.05,67.09,36.63,164.31,3115.19,27649.64,70.13,67.21,4318.67,1231.13,70.36,81.27,4.73,816.74,248.86,11.58,251.83,109.6,259.73,3244.17
127.35,1944.01,128.04,1078.89,7671.35,68.21,1109.22,68.27,36.63,163.76,3228.03,29548.4,76.91,73.25,4384.62,1032.22,63.15,81.55,4.58,819.62,316.41,12.46,288.78,85,326.54,2887.6
129.13,1916.67,134.57,1093.15,8020.59,68.93,1054,66.76,36.63,167.72,3722.61,31156,82.15,77.14,4458.76,974.51,56.69,79.75,4.48,812.95,295.23,14.38,300.43,77.5,335.15,2979.99
126.47,1967.31,130.33,1325.49,6957.43,69.71,1031.14,68.3,36.63,170.4,3319.91,30505.64,91.27,86.73,4650.51,1045.7,49.95,77.77,4.5,806.27,306.63,12.16,315.25,92,321.81,2554.6
131.19,2119.88,136.47,1465.58,6630.74,69.59,1079.68,68.4,36.63,165.92,2616.08,26053.56,89.43,85.75,4542.47,925.87,53.28,76.85,4.67,788.33,310.94,9.45,351.22,91.8,368.62,2378.6
138.97,2216.38,139.05,1491.61,7078.91,73.25,1114.49,65.47,60.8,161.18,2621.78,27774.77,90.82,87.17,4559.2,1029.65,49.76,77.25,4.81,812.62,322.86,9.42,376.33,87.56,369.59,2364.41
159.23,2522.83,158.21,1479.24,7941.14,75.05,1140.39,65.35,60.8,173.38,3089.61,28064.95,93.75,89.96,4592.3,1049.03,57.86,79.15,4.74,855.84,311.94,9.22,396.71,76,425,2458.48
159.96,2647.64,148.07,1640.5,8434.32,80.18,1169.75,65.83,60.8,178.74,3012.93,31093.05,101.84,96.78,4774.31,1230.77,53.24,81.23,5.22,912.45,298.26,9.62,379.7,73.71,439.72,2511.18
154.51,2631.23,137.74,1564.06,8714.18,75.41,1184.37,67.36,60.8,183.69,2834.88,28776.82,109.05,103.47,4643.6,1233.72,61.15,82.04,5.12,940.97,291.6,8.32,375.32,69.44,362.23,2278.51
156.16,2693.41,139.74,1580.45,8356.13,74.12,1191.92,67.26,60.8,186.59,2216.09,25656.5,122.77,118.95,4523.49,1317.69,78.11,83.46,5.31,933.58,305.65,8.67,369.37,61.67,328.76,2178.33
167.33,3021.76,144.08,1639.55,8292,77.04,1208.78,67.43,60.8,185.14,1860.51,22562.57,131.52,127.59,4260.21,1414.43,73.9,85.71,5.15,932.89,294.01,9.77,436.91,59,348.55,1906.17
167.22,2953.67,145.35,1736.46,8407.02,77.29,1265.05,68.15,60.8,184.13,1960.04,20106.96,132.55,131.22,4323.35,1431.69,76.08,88.25,5.62,932.77,332.27,8.31,452.19,61.84,328.18,1856.45
165.55,2796.8,145.77,1467.67,7633.8,78.04,1240.64,68.95,60.8,177.66,1902.85,19111.8,114.57,113.21,4095.05,1131.85,84.56,88.42,5.37,879.39,315.06,7.38,388.4,64.5,329.34,1734.65
158.98,2672.05,140.56,1352.99,6975.11,73.59,1223.44,68.22,60.8,170.13,1872.31,17781.86,99.29,95.97,3914.53,923.97,71.16,88.4,4.96,888.76,312.56,8.19,363.78,63,295.55,1744.52
135.24,2251.23,121.41,1149.9,4894.89,62.3,1101.43,68.15,60.8,162.1,1494.26,12144.87,72.69,68.62,3660.85,909.83,63.67,87.54,4.16,861.7,324.72,8.82,290.84,48.6,237.38,1303
128.33,2046.08,120.44,1074.19,3729.19,55.06,1049.74,61.53,60.8,145.13,1286.43,10776.5,54.04,51.38,3307.33,853.34,52.6,86.93,3.82,872.33,333.19,9.18,292.76,50.5,226.85,1169.36
132.54,2420.04,116.97,907.9,3105.1,55.47,1032.27,35.6,69.98,140.81,968.17,9846.93,41.53,41,3355.21,761.72,53.7,87.02,3.9,845.8,315.35,10.29,292.94,54.33,220.14,1112.9
143.01,2608.89,128.03,840.72,3260.36,57.7,1037.3,38.06,72.51,137.4,1144.9,11562.95,43.91,44.97,3288.71,782.89,55.99,87.25,4.11,818.45,322.88,10.71,338.5,51.44,239.36,1202.52
143.59,2660.47,128.51,767.78,3328.41,55.21,1046.77,34.79,75.59,133.92,1099.63,10410.75,41.76,43.14,3168.83,766.46,57.37,86.7,4.12,806.65,319.02,10.48,320.89,47,224.69,1118
137.57,2493.98,127.76,731.63,3770.88,51.5,1054.07,28.59,64.07,131.97,1246.52,9710.73,46.95,45.58,3059.75,847.05,57.35,85.73,4.48,815.86,310.82,9.74,315.37,43.38,230.98,1223.22
141.23,2541.7,134.58,802.12,4436.93,56.78,1055.71,28.99,59.78,139.44,1393.91,11331.6,50.28,50.18,3087.67,904.52,57.89,85.38,4.8,815.68,284.88,9.32,349.57,41.72,233.47,1388.14
145.87,2554.6,147.64,901.37,4594.9,61.95,1117.44,30.47,62.69,143.13,1449.67,12763.36,58.1,57.4,3151.85,888.24,58.72,86.96,5.44,855.42,285.42,8.67,408.05,48.56,256.7,1491.89
148.02,2699.61,144.46,910.48,5013.3,61.39,1164.08,37.38,71.66,153.37,1668.19,14961.95,69.13,69.21,3433.52,816.12,56.96,88.17,5.5,817.9,294.96,7.85,441.78,51.5,253.41,1555.46
152.22,2805.48,137.6,857.4,5240.83,64.8,1222.51,48.31,83.95,154.13,1674.51,16024.5,64.65,64.97,3528.36,715.36,57.88,88.56,5.77,760.28,277.12,7.4,385.85,49.7,224.95,1582.85
157.65,2956.66,146.87,875.75,6176.88,64.26,1295.4,57.85,97.67,155.77,1893.04,19375.93,71.63,71.32,3710.67,836.29,49.56,86.77,4.99,769.67,291.61,7.04,397.3,47.19,210.37,1818.01
166.09,3149.51,145.67,856.85,6195.75,64.07,1362.82,55.33,80.71,154.61,2205.48,17404.64,68.38,67.91,3947.33,1030.95,50.62,84.88,5,784.27,280.87,7.19,342.18,44.28,191.09,1879.15
170.7,3372.5,151.95,885.83,6305.99,66.82,1463.87,53.59,86.79,152.03,2227.69,18489.48,74.08,73.28,3930.53,1152.61,50.95,82.85,4.81,805.1,261.29,7.27,328.54,46.11,198.85,2070.84
170.43,3379.33,150.23,923.98,6682.44,71.78,1557.8,61.63,99.26,155.55,2303.44,16911.33,77.56,77.63,3954.23,1154.41,54.18,82.13,5.01,821.06,273.58,7.36,337.63,44.75,211.04,2196.55
176.7,3517.54,155.86,920.23,6976.98,76.78,1692.45,63.47,105.25,151.99,2326.26,17121.62,74.88,75.49,3850.54,1013.58,61.85,82.15,5.05,795.96,289.96,7.33,345.58,44.44,206.25,2374.04
173.97,3522.1,154.41,915.63,7367.4,77.4,1748.38,65.36,125.91,152.32,2352.18,18405.55,77.12,76.64,3722.44,1089.26,67.34,83.04,5.15,792.44,275.32,7.2,325.85,43.83,201.51,2414.69
167.48,3276.56,155.92,900.99,6867.69,80.04,1709.79,67.63,127.62,147.78,2125.8,19060.55,74.72,73.55,3484.17,981.59,66.19,83.3,5.54,781,282.94,7.27,303.66,42.1,194.54,2158.82
164.3,3089.65,162.15,909.8,7466.96,85.79,1793.86,69.26,139.77,142.38,2162.71,22467.17,79.3,77.37,3349.5,954.72,70.93,84,5.99,790.1,277.01,7.25,292.6,40.91,191.07,2277.29
169.63,3221.23,171.07,907.87,7729.86,88.09,1961.11,72.12,172.47,144.95,2272.18,26028.5,84.14,82.98,3292.57,994.73,77.58,85.28,6.48,820.21,284.27,7.03,308.05,41.33,192.82,2367.53
167,3165.75,174.03,861.85,6843.18,90.07,1907.78,72.2,161.35,138.19,1876.82,21930,75.54,76.62,3011.23,1054.71,85.29,86.45,6.34,836.47,281.62,7.15,305.74,41.3,181.88,1969.82
173.92,3230.83,193.52,876.05,6501.5,91.68,1817.13,73.67,143.63,138.06,1707.28,19411.3,74.73,73.98,2925.8,1201.27,78.72,87.17,5.96,841.09,285.35,7.22,314.32,40.78,157.67,1746.51
179.12,3229.55,205.25,945.75,6750.57,84.15,1705.03,73.74,126.36,143.14,1843.97,19548.52,74.52,72.65,2934.73,1302.41,78.8,87.84,6.28,871.18,282.5,7.48,335.09,41.94,195.82,1847.03
181.08,3071.71,212.8,1012.84,7302.67,90.35,1673.83,72.14,145.34,147,2082.8,21448.79,75.88,74.35,3087.55,1139.33,83.15,87.79,6.46,892.18,289.24,7.68,339.14,46.06,246.25,2047.48
179.75,2874.98,222.1,1031.51,7729.59,104.73,1632.19,71.86,140.63,147.03,2192.85,22690.14,76.11,75.29,3068.01,1046.85,81.93,87.75,6.14,875.96,281.94,7.78,334.06,46.67,271.69,2150.94
180.71,2927.45,215.84,1149.25,8289.76,126.55,1665.71,73.68,148.48,149.51,2383.55,23793.68,81.72,80.34,3093.28,1086.32,71.15,86.73,6.32,880.17,281.78,8.02,353.75,48.83,270.23,2373.56
185.24,2910.31,227.96,1243.95,8458.42,155.47,1662.63,75.24,160.55,150.75,2364.98,22836.23,84.53,83.74,3081.94,823.35,63.48,85.46,6.09,901.45,271.34,7.96,376.04,57.16,274.08,2283.3
192.58,3047.06,237.33,1385.48,9152.86,168.22,1593.21,76.57,168.53,147.14,2413.2,24099.57,90.07,89.18,3003.96,723.89,68.81,85.35,7.02,896.99,287.84,7.86,387.51,60.63,306.53,2287.32
205.72,3164.48,262.94,1441.42,9533.2,178.93,1607.46,78.45,179.63,147.57,2583.98,25621.23,92.66,92.19,2989.8,734.61,75.04,85,6.74,907.78,291.81,7.94,412.07,63.88,326.55,2375.81
221.05,3471.1,288.08,1419.27,9880.94,213.18,1612.82,69.83,187.18,150.32,2595.58,28412.18,97.73,99.88,3054.1,884.96,83.22,85.07,7.08,927.81,262.96,7.95,410.16,65,348.15,2473.45
221.99,3392.97,294.48,1416.7,9503.36,229.67,1755.65,88,169.36,152.53,2624.02,26710.35,108.65,108.58,3098.5,852.44,80.83,86.08,7.28,929.22,270.59,8.02,393.93,63.5,316.75,2341.48
216.63,3113.51,302.71,1446.91,9482.75,216.62,1760.73,88,179.26,154.08,2719.35,26332.17,116.32,115.76,3226.28,880.97,92.06,86.4,7.92,946.21,275.4,7.87,388.22,57.82,336.12,2371.48
214.91,3070.77,293.06,1415.51,8931.68,165.52,1590.95,88,177.1,154.33,2419.64,24164.55,108.18,108.84,3164.79,836.41,92.45,86.54,7.17,958.13,277.94,8.08,388.26,56.06,354.47,2159.6
208.74,3015.64,277.78,1404.24,9066.85,160.65,1508,88,170.88,153.14,2524.99,22420.93,105.85,107.52,3097.34,916.4,94.55,86.94,6,973.16,273.55,8.15,391.54,55.4,326.43,2234.47
209.96,3167.18,269.18,1393.95,9650.46,149.25,1469.08,87.5,172.98,152.24,2681.02,23847.95,107.88,109.98,3072,971.56,96.92,87.34,5.7,969.42,285.92,8.26,389.29,52.79,303.88,2397.75
209.55,3064.31,273.54,1356.65,8997.99,114.1,1455.06,85.11,177.45,153.8,2393.06,21864.68,100.45,104.96,3118.7,948.83,103.02,88.13,5.23,973.6,293.56,8.5,393.8,50.68,327.07,2199.24
204.16,2873.88,275.58,1310.84,8300.14,116.65,1346.9,85,177.23,147.54,2287.67,20377.59,100.83,106,3013.48,1194.94,88.55,88.98,4.71,952.68,287.28,8.54,381.85,51.98,315.92,2075.22
189.95,2680.05,248.49,1268.97,7394.19,110.61,1352.34,78.13,150.43,146.92,1960.38,19039.05,99.92,103.88,3013,1032.7,92.48,89,4.13,954.18,286.8,8.55,347.45,52.34,289.01,1871.42
186.39,2527.43,249.5,1280.65,7581.02,104.68,1402.34,76.5,135.54,142,1994.22,17873,105.36,108.52,3031.8,681.65,85.7,89.23,4.38,892.75,286.66,8.46,329.09,53.19,281.01,1935.32
177.49,2200.61,243.14,1244.43,7558.88,95.45,1369.68,72,136.46,135.97,2024.56,18246.04,104.26,106.21,2964.26,757.73,83.93,89.82,4.56,888.44,277.77,8.43,320.68,52.18,269.03,1911.15
178.25,2307.76,240.89,1253.12,8061.92,101.11,1295.05,73,140.35,132.74,2100.21,19908.62,106.89,109.54,2874.33,730.58,84.13,90.35,4.31,877,261.57,8.52,347.6,52.31,274.89,1989.23
176.3,2356.24,225.49,1297.21,8441.49,100.75,1315.22,76.71,140.4,125.03,2121.26,20393.67,112.7,116.15,2911.4,778.64,86.41,91.17,4.93,885.07,271.01,8.37,364.49,52.06,277.77,2057.79
171.01,2359.25,201.85,1288.75,8470.78,99.5,1319.33,82.25,144.66,117.18,2056.69,18660.81,117.79,122.28,2899.44,802.57,84.69,92.79,4.95,886.54,260.66,7.96,405.23,51.29,283.88,2035.93
165.98,2266.78,193.35,1304.06,8285.53,100.1,1408.1,84,147.65,109.12,2073.64,17892.82,113.75,117.38,2921.46,822.89,79.85,93.25,5.08,896.38,295.4,8.05,440.62,51.3,266.32,2002.68
161.87,2113.09,186.35,1236.62,7896.91,88.53,1518,84,136.27,97.92,1999.25,16968.32,104.16,107.45,2874.62,755.83,79.15,94.06,4.99,892.16,300.33,8.23,459.42,51.89,264.36,1928.01
160.38,2265.84,169.79,1182.69,7428.29,82.18,1642.3,84,134.62,92.33,1850.96,16603.68,90.73,94.24,2780.67,952.76,91.87,94.5,4.45,862.84,292.13,8.27,464.02,50.83,276.19,1855.93
168.18,2349.82,190.77,1209.43,7584.26,83.97,1735.12,84,127.94,91.46,1881.48,16128.41,96.75,99.22,2817.79,1015.16,94.47,94.73,4.44,857.92,295.21,8.3,552.54,50.36,345.69,1847.75
168.69,2512.26,175.97,1221.67,7510.43,84.4,1755.74,86,107.8,88.52,1897.77,15703.99,105.28,108.39,3080.96,970.39,86.38,95.02,4.74,856.66,291.36,8.34,585.75,49.25,349.4,1816.32
171.9,2620.28,179.6,1267.9,8087.74,84.15,1716.05,86,99.47,88.52,2177.68,17287.96,106.32,110.96,3728.48,1000.89,68.77,95.65,4.59,878.2,299.63,8.39,559.56,47.73,353.42,2009.85
166.67,2463.54,172.37,1216.49,8062.03,81.95,1694.59,86,113.95,88.52,2141.97,17168.74,103.39,108.68,3753.78,980.85,79.72,95.84,4.52,873.36,289.06,8.31,519.91,44.61,358.2,1903.96
161.71,2478.16,160.64,1199.96,7711.23,80.87,1902.06,86,120.35,88.52,2181.97,16335.36,101.17,107.1,3574.67,846.84,77.9,96.64,4.72,870.05,284.11,8.12,490.6,41.5,361,1912.4
157.51,2431.82,154.22,1191.08,7966.49,83.37,2190.08,86,128.87,91.39,2279.8,17448.5,101.17,105.67,3410.62,758.09,80.35,97.65,5.5,879.94,284.11,7.85,489.69,43.67,347.89,2040.43
155.01,2275.44,158.27,1208.08,8053.74,85.51,2088.6,86,150.49,94.63,2334.47,17494.07,105.04,107.54,3964.52,739,81.79,99.12,6.25,870.6,284.11,7.36,456.81,42.75,335.5,2031.41
